MorphoJ_ID,TPSDig_ID,Gonadal_Specimen_ID,All_Fish_ID,Tissue_Sample_ID,Species,Location,Location_Code,Sex,Mature,Gonadal_Stage,Gonadal_Stage_Index,Standard_Length,Standard_Length_mm,Weight_g,Habitat_Area,Distance_from_PopHub_km,Pop_Density,Pop_Size,NumFishers_Abner,NumFishersTargetingSiganids_Abner,FishersWithRegisteredGear_FisheriesProfile,NumFishers_FISHR,PopSize_DIV_HabitatArea,NumFishers_Abner_DIV_HabitatArea,NumFishersTargetingSiganids_Abner_DIV_HabitatArea,FishersWithRegisteredGear_FisheriesProfile_DIV_HabitatArea,NumFishers_FISHR_DIV_HabitatArea,B-value,PC1,PC2,Csize,lnCsize,TW_Csize,lnTW_lnCsize,Total_Length_cm,TW_TL
0,1,SFU-SIL-001,SFU-SIL-001,SFU-SIL-001,Siganus_fuscescens,Dumaguete,DUMA,M,Y,Stage 5,5,15.7,157,95.04,12.74,0,3829,131377,,,3,262,26811.63265,0,0,0.235478807,20.56514914,2.509,-1.64272,0.4501563,27.04630423,3.297550369,3.513973635,1.381115479,18.7,5.082352941
1,2,SFU-SIL-002,SFU-SIL-002,SFU-SIL-002,Siganus_fuscescens,Dumaguete,DUMA,M,Y,Stage 3,3,13.6,136,54.42,12.74,0,3829,131377,,,3,262,26811.63265,0,0,0.235478807,20.56514914,2.509,-1.64272,0.4501563,22.60762804,3.118287373,2.40715213,1.281707314,16.2,3.359259259
2,3,SFU-SIL-003,SFU-SIL-003,SFU-SIL-003,Siganus_fuscescens,Dumaguete,DUMA,M,N,Stage 2b,2.5,14.8,148,73.3,12.74,0,3829,131377,,,3,262,26811.63265,0,0,0.235478807,20.56514914,2.509,-1.64272,0.4501563,24.39067021,3.194200691,3.005247472,1.344486782,17.5,4.188571429
3,4,SFU-SIL-004,SFU-SIL-004,SFU-SIL-004,Siganus_fuscescens,Dumaguete,DUMA,M,Y,Stage 4,4,16.8,168,88.26,12.74,0,3829,131377,,,3,262,26811.63265,0,0,0.235478807,20.56514914,2.509,-1.64272,0.4501563,26.56873609,3.27973519,3.321949516,1.366051448,19,4.645263158
4,5,SFU-SIL-005,SFU-SIL-005,SFU-SIL-005,Siganus_fuscescens,Dumaguete,DUMA,M,N,Stage 2b,2.5,14.4,144,65.92,12.74,0,3829,131377,,,3,262,26811.63265,0,0,0.235478807,20.56514914,2.509,-1.64272,0.4501563,23.88150784,3.173104429,2.76029472,1.319982364,17,3.877647059
5,6,SFU-SIL-006,SFU-SIL-006,SFU-SIL-006,Siganus_fuscescens,Dumaguete,DUMA,M,Y,Stage 4,4,14.3,143,66.07,12.74,0,3829,131377,,,3,262,26811.63265,0,0,0.235478807,20.56514914,2.509,-1.64272,0.4501563,23.80060376,3.169710948,2.775979999,1.322112601,17.3,3.819075145
6,7,SFU-SIL-007,SFU-SIL-007,SFU-SIL-007,Siganus_fuscescens,Dumaguete,DUMA,M,Y,Stage 4,4,15.2,152,81.09,12.74,0,3829,131377,,,3,262,26811.63265,0,0,0.235478807,20.56514914,2.509,-1.64272,0.4501563,25.41207688,3.235224529,3.191002466,1.358656752,18.6,4.359677419
7,8,SFU-SIL-008,SFU-SIL-008,SFU-SIL-008,Siganus_fuscescens,Dumaguete,DUMA,M,Y,Stage 5,5,14.6,146,70.2,12.74,0,3829,131377,,,3,262,26811.63265,0,0,0.235478807,20.56514914,2.509,-1.64272,0.4501563,24.36306374,3.193068204,2.881411006,1.331430473,17.4,4.034482759
8,9,SFU-SIL-009,SFU-SIL-009,SFU-SIL-009,Siganus_fuscescens,Dumaguete,DUMA,M,Y,Stage 3,3,15.5,155,79.6,12.74,0,3829,131377,,,3,262,26811.63265,0,0,0.235478807,20.56514914,2.509,-1.64272,0.4501563,26.04703432,3.259903916,3.056010102,1.342681933,18.7,4.256684492
9,10,SFU-SIL-010,SFU-SIL-010,SFU-SIL-010,Siganus_fuscescens,Dumaguete,DUMA,M,Y,Stage 3,3,14.7,147,70.09,12.74,0,3829,131377,,,3,262,26811.63265,0,0,0.235478807,20.56514914,2.509,-1.64272,0.4501563,24.26458633,3.189017935,2.888571808,1.332629737,17.9,3.915642458
10,11,SFU-SIL-011,SFU-SIL-011,SFU-SIL-011,Siganus_fuscescens,Dumaguete,DUMA,M,Y,Stage 4,4,15.9,159,94.43,12.74,0,3829,131377,,,3,262,26811.63265,0,0,0.235478807,20.56514914,2.509,-1.64272,0.4501563,27.01105064,3.296246065,3.495976564,1.379708532,19.4,4.867525773
11,12,SFU-SIL-012,SFU-SIL-012,SFU-SIL-012,Siganus_fuscescens,Dumaguete,DUMA,M,N,Stage 2b,2.5,16.2,162,102.76,12.74,0,3829,131377,,,3,262,26811.63265,0,0,0.235478807,20.56514914,2.509,-1.64272,0.4501563,27.18124161,3.302527089,3.780548419,1.402682264,19.5,5.26974359
12,13,SFU-SIL-013,SFU-SIL-013,SFU-SIL-013,Siganus_fuscescens,Dumaguete,DUMA,M,Y,Stage 4,4,16.1,161,101.25,12.74,0,3829,131377,,,3,262,26811.63265,0,0,0.235478807,20.56514914,2.509,-1.64272,0.4501563,27.06468825,3.298229862,3.741036995,1.400021496,19.5,5.192307692
13,14,SFU-SIL-014,SFU-SIL-014,SFU-SIL-014,Siganus_fuscescens,Dumaguete,DUMA,F,Y,Stage 3,3,20.2,202,205.21,12.74,0,3829,131377,,,3,262,26811.63265,0,0,0.235478807,20.56514914,2.938,-1.64272,0.4501563,34.72874461,3.547567719,5.908938037,1.500756086,23.5,8.732340426
14,15,SFU-SIL-015,SFU-SIL-015,SFU-SIL-015,Siganus_fuscescens,Dumaguete,DUMA,M,Y,Stage 5,5,15.8,158,97.89,12.74,0,3829,131377,,,3,262,26811.63265,0,0,0.235478807,20.56514914,2.509,-1.64272,0.4501563,26.43993048,3.274875386,3.702354667,1.399700404,18.9,5.179365079
15,16,SFU-SIL-016,SFU-SIL-016,SFU-SIL-016,Siganus_fuscescens,Dumaguete,DUMA,M,Y,Stage 3,3,15.7,157,89.86,12.74,0,3829,131377,,,3,262,26811.63265,0,0,0.235478807,20.56514914,2.509,-1.64272,0.4501563,26.32478774,3.270510995,3.413512804,1.375397579,18.7,4.805347594
16,17,SFU-SIL-017,SFU-SIL-017,SFU-SIL-017,Siganus_fuscescens,Dumaguete,DUMA,M,Y,Stage 5,5,15.3,153,82.47,12.74,0,3829,131377,,,3,262,26811.63265,0,0,0.235478807,20.56514914,2.509,-1.64272,0.4501563,25.54328678,3.240374534,3.228636969,1.361705119,18.5,4.457837838
17,18,SFU-SIL-018,SFU-SIL-018,SFU-SIL-018,Siganus_fuscescens,Dumaguete,DUMA,M,N,Stage 2,2,13.2,132,54.45,12.74,0,3829,131377,,,3,262,26811.63265,0,0,0.235478807,20.56514914,2.509,-1.64272,0.4501563,21.94986973,3.088761205,2.480652536,1.294137871,15.7,3.468152866
18,19,SFU-SIL-019,SFU-SIL-019,SFU-SIL-019,Siganus_fuscescens,Dumaguete,DUMA,M,Y,Stage 5,5,15.4,154,88.89,12.74,0,3829,131377,,,3,262,26811.63265,0,0,0.235478807,20.56514914,2.509,-1.64272,0.4501563,25.37572252,3.233792911,3.502954445,1.387658324,18.4,4.830978261
19,20,SFU-SIL-020,SFU-SIL-020,SFU-SIL-020,Siganus_fuscescens,Dumaguete,DUMA,M,N,Stage 2,2,14.6,146,68.93,12.74,0,3829,131377,,,3,262,26811.63265,0,0,0.235478807,20.56514914,2.509,-1.64272,0.4501563,23.8905546,3.173483176,2.88524068,1.333894419,17.5,3.938857143
20,21,SFU-SIL-021,SFU-SIL-021,SFU-SIL-021,Siganus_fuscescens,Dumaguete,DUMA,M,Y,Stage 4,4,15.8,158,83.6,12.74,0,3829,131377,,,3,262,26811.63265,0,0,0.235478807,20.56514914,2.509,-1.64272,0.4501563,26.33016107,3.270715091,3.175066031,1.3532342,19.5,4.287179487
21,22,SFU-SIL-022,SFU-SIL-022,SFU-SIL-022,Siganus_fuscescens,Dumaguete,DUMA,M,Y,Stage 3,3,15.4,154,72.26,12.74,0,3829,131377,,,3,262,26811.63265,0,0,0.235478807,20.56514914,2.509,-1.64272,0.4501563,25.01042105,3.21929258,2.889195662,1.329568723,18.1,3.992265193
22,23,SFU-SIL-023,SFU-SIL-023,SFU-SIL-023,Siganus_fuscescens,Dumaguete,DUMA,M,Y,Stage 4,4,15.6,156,87.67,12.74,0,3829,131377,,,3,262,26811.63265,0,0,0.235478807,20.56514914,2.509,-1.64272,0.4501563,26.07241614,3.260877903,3.36255756,1.371894287,18,4.870555556
23,24,SFU-SIL-024,SFU-SIL-024,SFU-SIL-024,Siganus_fuscescens,Dumaguete,DUMA,M,Y,Stage 4,4,15.2,152,84.65,12.74,0,3829,131377,,,3,262,26811.63265,0,0,0.235478807,20.56514914,2.509,-1.64272,0.4501563,25.6282723,3.243696129,3.302992844,1.368354165,18.6,4.551075269
24,25,SFU-SIL-025,SFU-SIL-025,SFU-SIL-025,Siganus_fuscescens,Dumaguete,DUMA,M,Y,Stage 4,4,14.6,146,73.29,12.74,0,3829,131377,,,3,262,26811.63265,0,0,0.235478807,20.56514914,2.509,-1.64272,0.4501563,24.4340344,3.195977013,2.999504658,1.343696828,17.9,4.094413408
25,26,SFU-SIL-026,SFU-SIL-026,SFU-SIL-026,Siganus_fuscescens,Dumaguete,DUMA,F,Y,Stage 3,3,18.4,184,154.29,12.74,0,3829,131377,,,3,262,26811.63265,0,0,0.235478807,20.56514914,2.938,-1.64272,0.4501563,31.48373246,3.449470983,4.900626068,1.460755569,21.6,7.143055556
26,27,SFU-SIL-027,SFU-SIL-027,SFU-SIL-027,Siganus_fuscescens,Dumaguete,DUMA,F,Y,Stage 5,5,16.4,164,103.4,12.74,0,3829,131377,,,3,262,26811.63265,0,0,0.235478807,20.56514914,2.938,-1.64272,0.4501563,27.48610851,3.313680732,3.761900305,1.399834606,19.7,5.248730964
27,28,SFU-SIL-028,SFU-SIL-028,SFU-SIL-028,Siganus_fuscescens,Dumaguete,DUMA,F,Y,Stage 3,3,19.8,198,197.65,12.74,0,3829,131377,,,3,262,26811.63265,0,0,0.235478807,20.56514914,2.938,-1.64272,0.4501563,33.84935317,3.52191989,5.839107147,1.501027268,23.7,8.339662447
28,29,SFU-SIL-029,SFU-SIL-029,SFU-SIL-029,Siganus_fuscescens,Dumaguete,DUMA,F,Y,Stage 4,4,16,160,97.12,12.74,0,3829,131377,,,3,262,26811.63265,0,0,0.235478807,20.56514914,2.938,-1.64272,0.4501563,26.98042546,3.29511162,3.59964672,1.388707836,19.5,4.980512821
29,30,SFU-SIL-030,SFU-SIL-030,SFU-SIL-030,Siganus_fuscescens,Dumaguete,DUMA,F,Y,Stage 3,3,19,190,195.53,12.74,0,3829,131377,,,3,262,26811.63265,0,0,0.235478807,20.56514914,2.938,-1.64272,0.4501563,32.63583266,3.485410846,5.991267391,1.513656224,23.3,8.391845494
30,31,SFU-SIL-031,SFU-SIL-031,SFU-SIL-031,Siganus_fuscescens,Dumaguete,DUMA,F,Y,Stage 3,3,20.2,202,252.43,12.74,0,3829,131377,,,3,262,26811.63265,0,0,0.235478807,20.56514914,2.938,-1.64272,0.4501563,35.09366037,3.558020498,7.193037071,1.554553715,24.2,10.43099174
31,32,SFU-SIL-032,SFU-SIL-032,SFU-SIL-032,Siganus_fuscescens,Dumaguete,DUMA,F,Y,Stage 5,5,16.2,162,112.03,12.74,0,3829,131377,,,3,262,26811.63265,0,0,0.235478807,20.56514914,2.938,-1.64272,0.4501563,27.86851657,3.327497613,4.01994845,1.41811272,19.1,5.865445026
32,33,SFU-SIL-033,SFU-SIL-033,SFU-SIL-033,Siganus_fuscescens,Dumaguete,DUMA,M,Y,Stage 5,5,15.2,152,90.99,12.74,0,3829,131377,,,3,262,26811.63265,0,0,0.235478807,20.56514914,2.509,-1.64272,0.4501563,25.5490168,3.240598835,3.561389493,1.391949402,18.2,4.999450549
33,34,SFU-SIL-034,SFU-SIL-034,SFU-SIL-034,Siganus_fuscescens,Dumaguete,DUMA,M,Y,Stage 4,4,16.2,162,99.33,12.74,0,3829,131377,,,3,262,26811.63265,0,0,0.235478807,20.56514914,2.509,-1.64272,0.4501563,26.95056903,3.294004411,3.685636466,1.396005307,19.1,5.20052356
34,35,SFU-SIL-035,SFU-SIL-035,SFU-SIL-035,Siganus_fuscescens,Dumaguete,DUMA,F,Y,Stage 3,3,19.7,197,174.7,12.74,0,3829,131377,,,3,262,26811.63265,0,0,0.235478807,20.56514914,2.938,-1.64272,0.4501563,32.83945935,3.491630821,5.319819615,1.478698775,23.7,7.371308017
35,36,SFU-SIL-036,SFU-SIL-036,SFU-SIL-036,Siganus_fuscescens,Dumaguete,DUMA,F,Y,Stage 4,4,19.6,196,155.27,12.74,0,3829,131377,,,3,262,26811.63265,0,0,0.235478807,20.56514914,2.938,-1.64272,0.4501563,31.78613113,3.459030067,4.884834816,1.4585492,22.8,6.810087719
36,37,SFU-SIL-037,SFU-SIL-037,SFU-SIL-037,Siganus_fuscescens,Dumaguete,DUMA,M,Y,Stage 3,3,15.1,151,72.69,12.74,0,3829,131377,,,3,262,26811.63265,0,0,0.235478807,20.56514914,2.509,-1.64272,0.4501563,25.03720826,3.220363049,2.903278962,1.330969136,17.7,4.106779661
37,38,SFU-SIL-038,SFU-SIL-038,SFU-SIL-038,Siganus_fuscescens,Dumaguete,DUMA,M,Y,Stage 5,5,15.5,155,77.59,12.74,0,3829,131377,,,3,262,26811.63265,0,0,0.235478807,20.56514914,2.509,-1.64272,0.4501563,26.06222165,3.260486819,2.977106136,1.334597805,18.8,4.12712766
38,39,SFU-SIL-039,SFU-SIL-039,SFU-SIL-039,Siganus_fuscescens,Dumaguete,DUMA,M,Y,Stage 5,5,15.3,153,84.46,12.74,0,3829,131377,,,3,262,26811.63265,0,0,0.235478807,20.56514914,2.509,-1.64272,0.4501563,25.4624725,3.237205702,3.317038438,1.370403508,18.7,4.51657754
39,40,SFU-SIL-040,SFU-SIL-040,SFU-SIL-040,Siganus_fuscescens,Dumaguete,DUMA,M,Y,Stage 3,3,15.6,156,75.82,12.74,0,3829,131377,,,3,262,26811.63265,0,0,0.235478807,20.56514914,2.509,-1.64272,0.4501563,25.81864582,3.251096937,2.936637364,1.331354369,18.9,4.011640212
40,41,SFU-SIL-041,SFU-SIL-041,SFU-SIL-041,Siganus_fuscescens,Dumaguete,DUMA,M,Y,Stage 3,3,16,160,93.31,12.74,0,3829,131377,,,3,262,26811.63265,0,0,0.235478807,20.56514914,2.509,-1.64272,0.4501563,26.81110626,3.288816214,3.480274148,1.379197555,18.4,5.071195652
41,42,SFU-SIL-042,SFU-SIL-042,SFU-SIL-042,Siganus_fuscescens,Dumaguete,DUMA,F,N,Stage 2,2,18.6,186,136.03,12.74,0,3829,131377,,,3,262,26811.63265,0,0,0.235478807,20.56514914,2.938,-1.64272,0.4501563,31.07679176,3.436461295,4.377221466,1.429632121,22,6.183181818
42,43,SFU-SIL-043,SFU-SIL-043,SFU-SIL-043,Siganus_fuscescens,Dumaguete,DUMA,M,Y,Stage 3,3,16,160,88.01,12.74,0,3829,131377,,,3,262,26811.63265,0,0,0.235478807,20.56514914,2.509,-1.64272,0.4501563,26.34990069,3.271464506,3.340050539,1.368637941,18.6,4.73172043
43,44,SFU-SIL-044,SFU-SIL-044,SFU-SIL-044,Siganus_fuscescens,Dumaguete,DUMA,M,Y,Stage 3,3,15.2,152,69.78,12.74,0,3829,131377,,,3,262,26811.63265,0,0,0.235478807,20.56514914,2.509,-1.64272,0.4501563,24.52774583,3.19980496,2.844941418,1.326751939,18,3.876666667
44,45,SFU-SIL-045,SFU-SIL-045,SFU-SIL-045,Siganus_fuscescens,Dumaguete,DUMA,M,Y,Stage 5,5,15.5,155,87.85,12.74,0,3829,131377,,,3,262,26811.63265,0,0,0.235478807,20.56514914,2.509,-1.64272,0.4501563,25.85631807,3.252554984,3.397622189,1.376035405,18.1,4.85359116
45,46,SFU-SIL-046,SFU-SIL-046,SFU-SIL-046,Siganus_fuscescens,Dumaguete,DUMA,F,N,Stage 2,2,16.7,167,127.24,12.74,0,3829,131377,,,3,262,26811.63265,0,0,0.235478807,20.56514914,2.938,-1.64272,0.4501563,28.08441633,3.335214844,4.530626469,1.453002368,19.3,6.592746114
46,47,SFU-SIL-047,SFU-SIL-047,SFU-SIL-047,Siganus_fuscescens,Dumaguete,DUMA,F,Y,Stage 4,4,18.6,186,182.45,12.74,0,3829,131377,,,3,262,26811.63265,0,0,0.235478807,20.56514914,2.938,-1.64272,0.4501563,32.32193511,3.475746105,5.644773414,1.497944903,21.7,8.407834101
47,48,SFU-SIL-048,SFU-SIL-048,SFU-SIL-048,Siganus_fuscescens,Dumaguete,DUMA,M,Y,Stage 4,4,15.2,152,85.9,12.74,0,3829,131377,,,3,262,26811.63265,0,0,0.235478807,20.56514914,2.509,-1.64272,0.4501563,25.8198774,3.251144637,3.326894186,1.369727996,17.9,4.798882682
48,49,SFU-SIL-049,SFU-SIL-049,SFU-SIL-049,Siganus_fuscescens,Dumaguete,DUMA,F,Y,Stage 4,4,20.7,207,259.24,12.74,0,3829,131377,,,3,262,26811.63265,0,0,0.235478807,20.56514914,2.938,-1.64272,0.4501563,36.39717767,3.594491235,7.122530278,1.546186626,24.7,10.49554656
49,50,SFU-SIL-050,SFU-SIL-050,SFU-SIL-050,Siganus_fuscescens,Dumaguete,DUMA,M,N,Stage 2,2,16.2,162,105.12,12.74,0,3829,131377,,,3,262,26811.63265,0,0,0.235478807,20.56514914,2.509,-1.64272,0.4501563,27.93445017,3.3298607,3.763095366,1.397987175,19.5,5.390769231
50,51,SFU-SIL-051,SFU-SIL-051,SFU-SIL-051,Siganus_fuscescens,Dumaguete,DUMA,M,Y,Stage 5,5,15.7,157,104.48,12.74,0,3829,131377,,,3,262,26811.63265,0,0,0.235478807,20.56514914,2.509,-1.64272,0.4501563,26.74902325,3.286497959,3.905937014,1.414574335,19,5.498947368
51,52,SFU-SIL-052,SFU-SIL-052,SFU-SIL-052,Siganus_fuscescens,Dumaguete,DUMA,F,Y,Stage 5,5,18.8,188,184.1,12.74,0,3829,131377,,,3,262,26811.63265,0,0,0.235478807,20.56514914,2.938,-1.64272,0.4501563,32.06198934,3.467671196,5.742001784,1.504029302,21.9,8.406392694
52,53,SFU-SIL-053,SFU-SIL-053,SFU-SIL-053,Siganus_fuscescens,Dumaguete,DUMA,M,Y,Stage 3,3,12.2,122,50.47,12.74,0,3829,131377,,,3,262,26811.63265,0,0,0.235478807,20.56514914,2.509,-1.64272,0.4501563,20.99289005,3.044183811,2.404147303,1.288154508,14.6,3.456849315
53,54,SFU-SIL-054,SFU-SIL-054,SFU-SIL-054,Siganus_fuscescens,Dumaguete,DUMA,F,N,Stage 2b,2.5,18,180,145.49,12.74,0,3829,131377,,,3,262,26811.63265,0,0,0.235478807,20.56514914,2.938,-1.64272,0.4501563,30.66539149,3.423134706,4.744436413,1.454838265,21.3,6.830516432
54,55,SFU-SIL-055,SFU-SIL-055,SFU-SIL-055,Siganus_fuscescens,Dumaguete,DUMA,F,Y,Stage 5,5,19.3,193,211.47,12.74,0,3829,131377,,,3,262,26811.63265,0,0,0.235478807,20.56514914,2.938,-1.64272,0.4501563,33.32540529,3.506320028,6.345609248,1.526980738,22.6,9.357079646
55,56,SFU-SIL-056,SFU-SIL-056,SFU-SIL-056,Siganus_fuscescens,Dumaguete,DUMA,U,Y,Stage 4,4,19.5,195,199.53,12.74,0,3829,131377,,,3,262,26811.63265,0,0,0.235478807,20.56514914,NA,-1.64272,0.4501563,33.42900759,3.509424014,5.968768276,1.50906946,23.1,8.637662338
56,57,SFU-SIL-057,SFU-SIL-057,SFU-SIL-057,Siganus_fuscescens,Dumaguete,DUMA,M,Y,Stage 5,5,15.3,153,96.27,12.74,0,3829,131377,,,3,262,26811.63265,0,0,0.235478807,20.56514914,2.509,-1.64272,0.4501563,26.29355702,3.269323929,3.661353233,1.396972843,17.6,5.469886364
57,58,SFU-SIL-058,SFU-SIL-058,SFU-SIL-058,Siganus_fuscescens,Dumaguete,DUMA,M,N,Stage 2b,2.5,15,150,86.95,12.74,0,3829,131377,,,3,262,26811.63265,0,0,0.235478807,20.56514914,2.509,-1.64272,0.4501563,25.98480761,3.257512045,3.346186022,1.37078027,17.1,5.084795322
58,59,SFU-SIL-059,SFU-SIL-059,SFU-SIL-059,Siganus_fuscescens,Dumaguete,DUMA,M,Y,Stage 5,5,15.6,156,104.01,12.74,0,3829,131377,,,3,262,26811.63265,0,0,0.235478807,20.56514914,2.509,-1.64272,0.4501563,26.96533463,3.294552139,3.857174459,1.409747624,18.4,5.652717391
59,60,SFU-SIL-060,SFU-SIL-060,SFU-SIL-060,Siganus_fuscescens,Dumaguete,DUMA,F,Y,Stage 3,3,15.6,156,113.5,12.74,0,3829,131377,,,3,262,26811.63265,0,0,0.235478807,20.56514914,2.938,-1.64272,0.4501563,26.96220644,3.294436124,4.209596134,1.436301285,18.5,6.135135135
60,61,SFU-SIL-061,SFU-SIL-061,SFU-SIL-061,Siganus_fuscescens,Dumaguete,DUMA,M,Y,Stage 5,5,15.1,151,82.18,12.74,0,3829,131377,,,3,262,26811.63265,0,0,0.235478807,20.56514914,2.509,-1.64272,0.4501563,25.68469569,3.245895316,3.199570709,1.358303807,17.9,4.591061453
61,62,SFU-SIL-062,SFU-SIL-062,SFU-SIL-062,Siganus_fuscescens,Dumaguete,DUMA,F,Y,Stage 5,5,17.5,175,164.43,12.74,0,3829,131377,,,3,262,26811.63265,0,0,0.235478807,20.56514914,2.938,-1.64272,0.4501563,30.29297397,3.410915803,5.427991328,1.495928144,20.7,7.943478261
62,63,SFU-SIL-063,SFU-SIL-063,SFU-SIL-063,Siganus_fuscescens,Dumaguete,DUMA,F,Y,Stage 4,4,18.6,186,175.61,12.74,0,3829,131377,,,3,262,26811.63265,0,0,0.235478807,20.56514914,2.938,-1.64272,0.4501563,31.3346867,3.444725685,5.604332403,1.500341711,21.9,8.018721461
63,64,SFU-SIL-064,SFU-SIL-064,SFU-SIL-064,Siganus_fuscescens,Dumaguete,DUMA,F,Y,Stage 4,4,21.6,216,228.25,12.74,0,3829,131377,,,3,262,26811.63265,0,0,0.235478807,20.56514914,2.938,-1.64272,0.4501563,35.69397003,3.574981768,6.39463752,1.519012368,24.9,9.166666667
64,65,SFU-SIL-065,SFU-SIL-065,SFU-SIL-065,Siganus_fuscescens,Dumaguete,DUMA,NA,NA,NA,,21.3,213,259.9,12.74,0,3829,131377,,,3,262,26811.63265,0,0,0.235478807,20.56514914,NA,-1.64272,0.4501563,,,,,,
65,66,SFU-SIL-066,SFU-SIL-066,SFU-SIL-066,Siganus_fuscescens,Dumaguete,DUMA,NA,NA,NA,,20.3,203,239.06,12.74,0,3829,131377,,,3,262,26811.63265,0,0,0.235478807,20.56514914,NA,-1.64272,0.4501563,,,,,,
66,67,SFU-SIL-067,SFU-SIL-067,SFU-SIL-067,Siganus_fuscescens,Dumaguete,DUMA,NA,NA,NA,,27.3,273,396.68,12.74,0,3829,131377,,,3,262,26811.63265,0,0,0.235478807,20.56514914,NA,-1.64272,0.4501563,,,,,,
67,68,SFU-SIL-068,SFU-SIL-068,SFU-SIL-068,Siganus_fuscescens,Dumaguete,DUMA,NA,NA,NA,,20.4,204,194.56,12.74,0,3829,131377,,,3,262,26811.63265,0,0,0.235478807,20.56514914,NA,-1.64272,0.4501563,,,,,,
68,69,SFU-SIL-069,SFU-SIL-069,SFU-SIL-069,Siganus_fuscescens,Dumaguete,DUMA,NA,NA,NA,,19.35,193.5,159.7,12.74,0,3829,131377,,,3,262,26811.63265,0,0,0.235478807,20.56514914,NA,-1.64272,0.4501563,,,,,,
69,70,SFU-SIL-070,SFU-SIL-070,SFU-SIL-070,Siganus_fuscescens,Dumaguete,DUMA,NA,NA,NA,,20.2,202,199.81,12.74,0,3829,131377,,,3,262,26811.63265,0,0,0.235478807,20.56514914,NA,-1.64272,0.4501563,,,,,,
70,71,SFU-SIL-071,SFU-SIL-071,SFU-SIL-071,Siganus_fuscescens,Dumaguete,DUMA,NA,NA,NA,,19.1,191,145.85,12.74,0,3829,131377,,,3,262,26811.63265,0,0,0.235478807,20.56514914,NA,-1.64272,0.4501563,,,,,,
71,72,SFU-SIL-072,SFU-SIL-072,SFU-SIL-072,Siganus_fuscescens,Dumaguete,DUMA,NA,NA,NA,,17.2,172,129.41,12.74,0,3829,131377,,,3,262,26811.63265,0,0,0.235478807,20.56514914,NA,-1.64272,0.4501563,,,,,,
72,73,SFU-SIL-073,SFU-SIL-073,SFU-SIL-073,Siganus_fuscescens,Dumaguete,DUMA,NA,NA,NA,,17.6,176,119.36,12.74,0,3829,131377,,,3,262,26811.63265,0,0,0.235478807,20.56514914,NA,-1.64272,0.4501563,,,,,,
73,74,SFU-SIL-074,SFU-SIL-074,SFU-SIL-074,Siganus_fuscescens,Dumaguete,DUMA,NA,NA,NA,,17.85,178.5,123.94,12.74,0,3829,131377,,,3,262,26811.63265,0,0,0.235478807,20.56514914,NA,-1.64272,0.4501563,,,,,,
74,75,SFU-SIL-075,SFU-SIL-075,SFU-SIL-075,Siganus_fuscescens,Dumaguete,DUMA,NA,NA,NA,,16.2,162,90.6,12.74,0,3829,131377,,,3,262,26811.63265,0,0,0.235478807,20.56514914,NA,-1.64272,0.4501563,,,,,,
75,76,SFU-SIL-076,SFU-SIL-076,SFU-SIL-076,Siganus_fuscescens,Dumaguete,DUMA,NA,NA,NA,,15.9,159,85.08,12.74,0,3829,131377,,,3,262,26811.63265,0,0,0.235478807,20.56514914,NA,-1.64272,0.4501563,,,,,,
76,77,SFU-SIL-077,SFU-SIL-077,SFU-SIL-077,Siganus_fuscescens,Dumaguete,DUMA,NA,NA,NA,,14.5,145,66.56,12.74,0,3829,131377,,,3,262,26811.63265,0,0,0.235478807,20.56514914,NA,-1.64272,0.4501563,,,,,,
77,78,SFU-SIL-078,SFU-SIL-078,SFU-SIL-078,Siganus_fuscescens,Dumaguete,DUMA,NA,NA,NA,,16,160,84.76,12.74,0,3829,131377,,,3,262,26811.63265,0,0,0.235478807,20.56514914,NA,-1.64272,0.4501563,,,,,,
78,79,SFU-SIL-079,SFU-SIL-079,SFU-SIL-079,Siganus_fuscescens,Dumaguete,DUMA,NA,NA,NA,,15.45,154.5,71,12.74,0,3829,131377,,,3,262,26811.63265,0,0,0.235478807,20.56514914,NA,-1.64272,0.4501563,,,,,,
79,80,SFU-SIL-080,SFU-SIL-080,SFU-SIL-080,Siganus_fuscescens,Dumaguete,DUMA,NA,NA,NA,,16,160,97.31,12.74,0,3829,131377,,,3,262,26811.63265,0,0,0.235478807,20.56514914,NA,-1.64272,0.4501563,,,,,,
80,81,SFU-SIL-081,SFU-SIL-081,SFU-SIL-081,Siganus_fuscescens,Dumaguete,DUMA,NA,NA,NA,,16.95,169.5,102.99,12.74,0,3829,131377,,,3,262,26811.63265,0,0,0.235478807,20.56514914,NA,-1.64272,0.4501563,,,,,,
81,82,SFU-SIL-082,SFU-SIL-082,SFU-SIL-082,Siganus_fuscescens,Dumaguete,DUMA,NA,NA,NA,,16.4,164,92.68,12.74,0,3829,131377,,,3,262,26811.63265,0,0,0.235478807,20.56514914,NA,-1.64272,0.4501563,,,,,,
82,83,SFU-SIL-083,SFU-SIL-083,SFU-SIL-083,Siganus_fuscescens,Dumaguete,DUMA,NA,NA,NA,,15.45,154.5,85.16,12.74,0,3829,131377,,,3,262,26811.63265,0,0,0.235478807,20.56514914,NA,-1.64272,0.4501563,,,,,,
83,84,SFU-SIL-084,SFU-SIL-084,SFU-SIL-084,Siganus_fuscescens,Dumaguete,DUMA,NA,NA,NA,,16.8,168,106.22,12.74,0,3829,131377,,,3,262,26811.63265,0,0,0.235478807,20.56514914,NA,-1.64272,0.4501563,,,,,,
84,85,SFU-SIL-085,SFU-SIL-085,SFU-SIL-085,Siganus_fuscescens,Dumaguete,DUMA,NA,NA,NA,,15.05,150.5,79.1,12.74,0,3829,131377,,,3,262,26811.63265,0,0,0.235478807,20.56514914,NA,-1.64272,0.4501563,,,,,,
85,86,SFU-SIL-086,SFU-SIL-086,SFU-SIL-086,Siganus_fuscescens,Dumaguete,DUMA,NA,NA,NA,,16,159.5,93.06,12.74,0,3829,131377,,,3,262,26811.63265,0,0,0.235478807,20.56514914,NA,-1.64272,0.4501563,,,,,,
86,87,SFU-SIL-087,SFU-SIL-087,SFU-SIL-087,Siganus_fuscescens,Dumaguete,DUMA,NA,NA,NA,,15.3,153,77.76,12.74,0,3829,131377,,,3,262,26811.63265,0,0,0.235478807,20.56514914,NA,-1.64272,0.4501563,,,,,,
87,88,SFU-SIL-088,SFU-SIL-088,SFU-SIL-088,Siganus_fuscescens,Dumaguete,DUMA,NA,NA,NA,,15.05,150.5,69.53,12.74,0,3829,131377,,,3,262,26811.63265,0,0,0.235478807,20.56514914,NA,-1.64272,0.4501563,,,,,,
88,89,SFU-SIL-089,SFU-SIL-089,SFU-SIL-089,Siganus_fuscescens,Dumaguete,DUMA,NA,NA,NA,,14.6,146,58.32,12.74,0,3829,131377,,,3,262,26811.63265,0,0,0.235478807,20.56514914,NA,-1.64272,0.4501563,,,,,,
89,90,SFU-SIL-090,SFU-SIL-090,SFU-SIL-090,Siganus_fuscescens,Dumaguete,DUMA,NA,NA,NA,,16.45,164.5,90.06,12.74,0,3829,131377,,,3,262,26811.63265,0,0,0.235478807,20.56514914,NA,-1.64272,0.4501563,,,,,,
90,91,SFU-SIL-091,SFU-SIL-091,SFU-SIL-091,Siganus_fuscescens,Dumaguete,DUMA,NA,NA,NA,,15.7,157,77.12,12.74,0,3829,131377,,,3,262,26811.63265,0,0,0.235478807,20.56514914,NA,-1.64272,0.4501563,,,,,,
91,92,SFU-SIL-092,SFU-SIL-092,SFU-SIL-092,Siganus_fuscescens,Dumaguete,DUMA,NA,NA,NA,,16.2,162,80.11,12.74,0,3829,131377,,,3,262,26811.63265,0,0,0.235478807,20.56514914,NA,-1.64272,0.4501563,,,,,,
92,93,SFU-SIL-093,SFU-SIL-093,SFU-SIL-093,Siganus_fuscescens,Dumaguete,DUMA,NA,NA,NA,,15.2,152,78.14,12.74,0,3829,131377,,,3,262,26811.63265,0,0,0.235478807,20.56514914,NA,-1.64272,0.4501563,,,,,,
93,94,SFU-SIL-094,SFU-SIL-094,SFU-SIL-094,Siganus_fuscescens,Dumaguete,DUMA,NA,NA,NA,,15.82,158.2,82.13,12.74,0,3829,131377,,,3,262,26811.63265,0,0,0.235478807,20.56514914,NA,-1.64272,0.4501563,,,,,,
94,95,SFU-SIL-095,SFU-SIL-095,SFU-SIL-095,Siganus_fuscescens,Dumaguete,DUMA,NA,NA,NA,,14.75,147.5,73.1,12.74,0,3829,131377,,,3,262,26811.63265,0,0,0.235478807,20.56514914,NA,-1.64272,0.4501563,,,,,,
95,96,SFU-SIL-096,SFU-SIL-096,SFU-SIL-096,Siganus_fuscescens,Dumaguete,DUMA,NA,NA,NA,,16.15,161.5,78.13,12.74,0,3829,131377,,,3,262,26811.63265,0,0,0.235478807,20.56514914,NA,-1.64272,0.4501563,,,,,,
96,97,SFU-BAIS-001,SFU-BAIS-001,SFU-BAIS-001,Siganus_fuscescens,Bais City,BAIS,M,NA,NA,,14.7,147,91.31,55.17,47.2,302,76291,853,179,623,2222,2061.918919,15.46130143,3.244516948,11.29236904,40.27551205,1.823,1.819953,0.1656127,25.06316481,3.221399231,3.643195131,1.401335254,17.6,5.188068182
97,98,SFU-BAIS-002,SFU-BAIS-002,SFU-BAIS-002,Siganus_fuscescens,Bais City,BAIS,M,NA,NA,,14.1,141,84.54,55.17,47.2,302,76291,853,179,623,2222,2061.918919,15.46130143,3.244516948,11.29236904,40.27551205,1.823,1.819953,0.1656127,23.85562712,3.172020127,3.543817968,1.39886401,17.4,4.85862069
98,99,SFU-BAIS-003,SFU-BAIS-003,SFU-BAIS-003,Siganus_fuscescens,Bais City,BAIS,F,N,Stage 2b,2.5,15.8,158,104.97,55.17,47.2,302,76291,853,179,623,2222,2061.918919,15.46130143,3.244516948,11.29236904,40.27551205,2.558,1.819953,0.1656127,26.66432837,3.283326656,3.936720196,1.417365703,19,5.524736842
99,100,SFU-BAIS-004,SFU-BAIS-004,SFU-BAIS-004,Siganus_fuscescens,Bais City,BAIS,F,N,Stage 2,2,14.1,141,78.91,55.17,47.2,302,76291,853,179,623,2222,2061.918919,15.46130143,3.244516948,11.29236904,40.27551205,2.558,1.819953,0.1656127,23.51756754,3.157747697,3.355364022,1.383361935,17.1,4.614619883
100,101,SFU-BAIS-005,SFU-BAIS-005,SFU-BAIS-005,Siganus_fuscescens,Bais City,BAIS,M,NA,NA,,13.6,136,72.87,55.17,47.2,302,76291,853,179,623,2222,2061.918919,15.46130143,3.244516948,11.29236904,40.27551205,1.823,1.819953,0.1656127,22.65897233,3.120555903,3.215944613,1.374331102,16.4,4.443292683
101,102,SFU-BAIS-006,SFU-BAIS-006,SFU-BAIS-006,Siganus_fuscescens,Bais City,BAIS,F,N,Stage 2b,2.5,14.2,142,71.78,55.17,47.2,302,76291,853,179,623,2222,2061.918919,15.46130143,3.244516948,11.29236904,40.27551205,2.558,1.819953,0.1656127,23.42723807,3.153899366,3.063954863,1.355022907,16.8,4.272619048
102,103,SFU-BAIS-007,SFU-BAIS-007,SFU-BAIS-007,Siganus_fuscescens,Bais City,BAIS,F,N,Stage 2b,2.5,15.3,153,98.19,55.17,47.2,302,76291,853,179,623,2222,2061.918919,15.46130143,3.244516948,11.29236904,40.27551205,2.558,1.819953,0.1656127,25.3574615,3.233073026,3.872233031,1.418744439,18.1,5.424861878
103,104,SFU-BAIS-008,SFU-BAIS-008,SFU-BAIS-008,Siganus_fuscescens,Bais City,BAIS,F,N,Stage 2b,2.5,14.5,145,67.83,55.17,47.2,302,76291,853,179,623,2222,2061.918919,15.46130143,3.244516948,11.29236904,40.27551205,2.558,1.819953,0.1656127,22.2891535,3.10410017,3.043184211,1.35852722,16,4.239375
104,105,SFU-BAIS-009,SFU-BAIS-009,SFU-BAIS-009,Siganus_fuscescens,Bais City,BAIS,F,N,Stage 2b,2.5,15.9,159,102.93,55.17,47.2,302,76291,853,179,623,2222,2061.918919,15.46130143,3.244516948,11.29236904,40.27551205,2.558,1.819953,0.1656127,26.31980311,3.270321626,3.910743541,1.41700104,18.5,5.563783784
105,106,SFU-BAIS-010,SFU-BAIS-010,SFU-BAIS-010,Siganus_fuscescens,Bais City,BAIS,F,N,Stage 2b,2.5,15.1,151,87.55,55.17,47.2,302,76291,853,179,623,2222,2061.918919,15.46130143,3.244516948,11.29236904,40.27551205,2.558,1.819953,0.1656127,25.11005003,3.223268166,3.486651755,1.38747688,17.6,4.974431818
106,107,SFU-BAIS-011,SFU-BAIS-011,SFU-BAIS-011,Siganus_fuscescens,Bais City,BAIS,F,N,Stage 2,2,15.1,151,82.55,55.17,47.2,302,76291,853,179,623,2222,2061.918919,15.46130143,3.244516948,11.29236904,40.27551205,2.558,1.819953,0.1656127,24.97035886,3.217689476,3.305919649,1.371606615,17.5,4.717142857
107,108,SFU-BAIS-012,SFU-BAIS-012,SFU-BAIS-012,Siganus_fuscescens,Bais City,BAIS,F,N,Stage 2,2,14.9,149,84.12,55.17,47.2,302,76291,853,179,623,2222,2061.918919,15.46130143,3.244516948,11.29236904,40.27551205,2.558,1.819953,0.1656127,24.50361113,3.1988205,3.432963393,1.385587078,17.5,4.806857143
108,109,SFU-BAIS-013,SFU-BAIS-013,SFU-BAIS-013,Siganus_fuscescens,Bais City,BAIS,M,NA,NA,,14.6,146,89.9,55.17,47.2,302,76291,853,179,623,2222,2061.918919,15.46130143,3.244516948,11.29236904,40.27551205,1.823,1.819953,0.1656127,24.32302629,3.191423486,3.696086125,1.409621118,17.3,5.196531792
109,110,SFU-BAIS-014,SFU-BAIS-014,SFU-BAIS-014,Siganus_fuscescens,Bais City,BAIS,M,NA,NA,,14.8,148,82.83,55.17,47.2,302,76291,853,179,623,2222,2061.918919,15.46130143,3.244516948,11.29236904,40.27551205,1.823,1.819953,0.1656127,24.18777171,3.185847204,3.424457656,1.386378577,17.9,4.627374302
110,111,SFU-BAIS-015,SFU-BAIS-015,SFU-BAIS-015,Siganus_fuscescens,Bais City,BAIS,F,N,Stage 2b,2.5,15.7,157,95.63,55.17,47.2,302,76291,853,179,623,2222,2061.918919,15.46130143,3.244516948,11.29236904,40.27551205,2.558,1.819953,0.1656127,26.20211097,3.265839979,3.649705938,1.396420709,18.1,5.283425414
111,112,SFU-BAIS-016,SFU-BAIS-016,SFU-BAIS-016,Siganus_fuscescens,Bais City,BAIS,F,N,Stage 2b,2.5,13.7,137,64.23,55.17,47.2,302,76291,853,179,623,2222,2061.918919,15.46130143,3.244516948,11.29236904,40.27551205,2.558,1.819953,0.1656127,22.52397046,3.114580096,2.851628673,1.336446732,16.3,3.940490798
112,113,SFU-BAIS-017,SFU-BAIS-017,SFU-BAIS-017,Siganus_fuscescens,Bais City,BAIS,M,NA,NA,,15.7,157,84.63,55.17,47.2,302,76291,853,179,623,2222,2061.918919,15.46130143,3.244516948,11.29236904,40.27551205,1.823,1.819953,0.1656127,25.49747567,3.238579454,3.319152104,1.370443084,18.4,4.599456522
113,114,SFU-BAIS-018,SFU-BAIS-018,SFU-BAIS-018,Siganus_fuscescens,Bais City,BAIS,F,N,Stage 2b,2.5,14.9,149,82.37,55.17,47.2,302,76291,853,179,623,2222,2061.918919,15.46130143,3.244516948,11.29236904,40.27551205,2.558,1.819953,0.1656127,24.96093964,3.217312189,3.299955899,1.371088982,18,4.576111111
114,115,SFU-BAIS-019,SFU-BAIS-019,SFU-BAIS-019,Siganus_fuscescens,Bais City,BAIS,F,N,Stage 2,2,16.6,166,107.81,55.17,47.2,302,76291,853,179,623,2222,2061.918919,15.46130143,3.244516948,11.29236904,40.27551205,2.558,1.819953,0.1656127,27.16431949,3.301904329,3.968809159,1.417476084,19.1,5.644502618
115,116,SFU-BAIS-020,SFU-BAIS-020,SFU-BAIS-020,Siganus_fuscescens,Bais City,BAIS,F,N,Stage 2b,2.5,17.9,179,115.83,55.17,47.2,302,76291,853,179,623,2222,2061.918919,15.46130143,3.244516948,11.29236904,40.27551205,2.558,1.819953,0.1656127,28.60909017,3.353724505,4.048713165,1.416968982,21,5.515714286
116,117,SFU-BAIS-021,SFU-BAIS-021,SFU-BAIS-021,Siganus_fuscescens,Bais City,BAIS,F,N,Stage 2b,2.5,15.5,155,88.05,55.17,47.2,302,76291,853,179,623,2222,2061.918919,15.46130143,3.244516948,11.29236904,40.27551205,2.558,1.819953,0.1656127,25.38457556,3.234141728,3.468641805,1.384572852,18.5,4.759459459
117,118,SFU-BAIS-022,SFU-BAIS-022,SFU-BAIS-022,Siganus_fuscescens,Bais City,BAIS,F,N,Stage 2,2,15.7,157,101.19,55.17,47.2,302,76291,853,179,623,2222,2061.918919,15.46130143,3.244516948,11.29236904,40.27551205,2.558,1.819953,0.1656127,26.01153629,3.258540143,3.890196983,1.416892146,18.8,5.382446809
118,119,SFU-BAIS-023,SFU-BAIS-023,SFU-BAIS-023,Siganus_fuscescens,Bais City,BAIS,F,N,Stage 2b,2.5,14.6,146,78.35,55.17,47.2,302,76291,853,179,623,2222,2061.918919,15.46130143,3.244516948,11.29236904,40.27551205,2.558,1.819953,0.1656127,24.14675954,3.184150191,3.244741799,1.369654604,17.2,4.555232558
119,120,SFU-BAIS-024,SFU-BAIS-024,SFU-BAIS-024,Siganus_fuscescens,Bais City,BAIS,M,NA,NA,,15,150,80.26,55.17,47.2,302,76291,853,179,623,2222,2061.918919,15.46130143,3.244516948,11.29236904,40.27551205,1.823,1.819953,0.1656127,24.62818967,3.203891708,3.25886722,1.368732705,17.9,4.483798883
120,121,SFU-BAIS-025,SFU-BAIS-025,SFU-BAIS-025,Siganus_fuscescens,Bais City,BAIS,F,N,Stage 2,2,13.4,134,64.19,55.17,47.2,302,76291,853,179,623,2222,2061.918919,15.46130143,3.244516948,11.29236904,40.27551205,2.558,1.819953,0.1656127,21.86946168,3.08509122,2.935143121,1.349019247,15.9,4.037106918
121,122,SFU-BAIS-026,SFU-BAIS-026,SFU-BAIS-026,Siganus_fuscescens,Bais City,BAIS,F,N,Stage 2,2,14.4,144,72.83,55.17,47.2,302,76291,853,179,623,2222,2061.918919,15.46130143,3.244516948,11.29236904,40.27551205,2.558,1.819953,0.1656127,23.75331368,3.167722044,3.066098523,1.353694516,16.9,4.309467456
122,123,SFU-BAIS-027,SFU-BAIS-027,SFU-BAIS-027,Siganus_fuscescens,Bais City,BAIS,F,N,Stage 2b,2.5,20.4,204,186.94,55.17,47.2,302,76291,853,179,623,2222,2061.918919,15.46130143,3.244516948,11.29236904,40.27551205,2.558,1.819953,0.1656127,33.69546635,3.517363299,5.54792737,1.487133192,23.8,7.854621849
123,124,SFU-BAIS-028,SFU-BAIS-028,SFU-BAIS-028,Siganus_fuscescens,Bais City,BAIS,M,NA,NA,,15.4,154,85.81,55.17,47.2,302,76291,853,179,623,2222,2061.918919,15.46130143,3.244516948,11.29236904,40.27551205,1.823,1.819953,0.1656127,25.39487427,3.234547353,3.379028346,1.37643233,18,4.767222222
124,125,SFU-BAIS-029,SFU-BAIS-029,SFU-BAIS-029,Siganus_fuscescens,Bais City,BAIS,F,N,Stage 2,2,14.3,143,75.04,55.17,47.2,302,76291,853,179,623,2222,2061.918919,15.46130143,3.244516948,11.29236904,40.27551205,2.558,1.819953,0.1656127,23.80459885,3.169878791,3.152332055,1.362203917,17,4.414117647
125,126,SFU-BAIS-030,SFU-BAIS-030,SFU-BAIS-030,Siganus_fuscescens,Bais City,BAIS,F,N,Stage 2,2,14.3,143,79.14,55.17,47.2,302,76291,853,179,623,2222,2061.918919,15.46130143,3.244516948,11.29236904,40.27551205,2.558,1.819953,0.1656127,23.60528067,3.161470444,3.352639653,1.382653583,17.1,4.628070175
126,127,SFU-BAIS-031,SFU-BAIS-031,SFU-BAIS-031,Siganus_fuscescens,Bais City,BAIS,F,N,Stage 2,2,14.2,142,80.87,55.17,47.2,302,76291,853,179,623,2222,2061.918919,15.46130143,3.244516948,11.29236904,40.27551205,2.558,1.819953,0.1656127,23.62528781,3.162317656,3.423027082,1.389121336,17.1,4.729239766
127,128,SFU-BAIS-032,SFU-BAIS-032,SFU-BAIS-032,Siganus_fuscescens,Bais City,BAIS,M,NA,NA,,15.8,158,99.96,55.17,47.2,302,76291,853,179,623,2222,2061.918919,15.46130143,3.244516948,11.29236904,40.27551205,1.823,1.819953,0.1656127,26.25026337,3.267676022,3.807961794,1.409188082,18.5,5.403243243
128,129,SFU-BAIS-033,SFU-BAIS-033,SFU-BAIS-033,Siganus_fuscescens,Bais City,BAIS,F,N,Stage 2b,2.5,14.9,149,91.78,55.17,47.2,302,76291,853,179,623,2222,2061.918919,15.46130143,3.244516948,11.29236904,40.27551205,2.558,1.819953,0.1656127,24.82093512,3.211687455,3.697685021,1.407171299,17.8,5.156179775
129,130,SFU-BAIS-034,SFU-BAIS-034,SFU-BAIS-034,Siganus_fuscescens,Bais City,BAIS,M,NA,NA,,13.9,139,72.12,55.17,47.2,302,76291,853,179,623,2222,2061.918919,15.46130143,3.244516948,11.29236904,40.27551205,1.823,1.819953,0.1656127,23.1460395,3.141823686,3.115867835,1.361735039,16.6,4.344578313
130,131,SFU-KAL-001,SFU-KAL-001,SFU-KAL-001,Siganus_fuscescens,Kalibo,KAL,F,N,Stage 2b,2.5,15.1,151,75.5,17.04,0,2006,80605,694,,,687,3766.588785,40.72769953,0,0,40.31690141,2.767,-0.1444135,-0.7424272,25.4260858,3.235775647,2.96939138,1.336351196,18.7,4.037433155
131,132,SFU-KAL-002,SFU-KAL-002,SFU-KAL-002,Siganus_fuscescens,Kalibo,KAL,F,Y,Stage 4,4,16.1,161,80.37,17.04,0,2006,80605,694,,,687,3766.588785,40.72769953,0,0,40.31690141,2.767,-0.1444135,-0.7424272,26.74477123,3.286338986,3.005073377,1.334810861,19.8,4.059090909
132,133,SFU-KAL-003,SFU-KAL-003,SFU-KAL-003,Siganus_fuscescens,Kalibo,KAL,M,N,Stage 2b,2.5,12.3,123,42.23,17.04,0,2006,80605,694,,,687,3766.588785,40.72769953,0,0,40.31690141,2.822,-0.1444135,-0.7424272,20.96290068,3.042754241,2.014511286,1.230178507,15.9,2.655974843
133,134,SFU-KAL-004,SFU-KAL-004,SFU-KAL-004,Siganus_fuscescens,Kalibo,KAL,F,N,Stage 2b,2.5,13.5,135,70.04,17.04,0,2006,80605,694,,,687,3766.588785,40.72769953,0,0,40.31690141,2.767,-0.1444135,-0.7424272,23.41435424,3.153349263,2.991327426,1.347477286,16.2,4.32345679
134,135,SFU-KAL-005,SFU-KAL-005,SFU-KAL-005,Siganus_fuscescens,Kalibo,KAL,U,N,Stage 1,1,11,110,31.63,17.04,0,2006,80605,694,,,687,3766.588785,40.72769953,0,0,40.31690141,NA,-0.1444135,-0.7424272,18.51315256,2.918481429,1.708515062,1.183528531,13.1,2.414503817
135,136,SFU-KAL-006,SFU-KAL-006,SFU-KAL-006,Siganus_fuscescens,Kalibo,KAL,M,Y,Stage 3,3,11.5,115,37.95,17.04,0,2006,80605,694,,,687,3766.588785,40.72769953,0,0,40.31690141,2.822,-0.1444135,-0.7424272,19.44370268,2.967523248,1.951788742,1.225355018,13.8,2.75
136,137,SFU-KAL-007,SFU-KAL-007,SFU-KAL-007,Siganus_fuscescens,Kalibo,KAL,M,Y,Stage 3,3,11.8,118,42.22,17.04,0,2006,80605,694,,,687,3766.588785,40.72769953,0,0,40.31690141,2.822,-0.1444135,-0.7424272,19.92907205,2.992179573,2.11851309,1.250892185,14.3,2.952447552
137,138,SFU-KAL-008,SFU-KAL-008,SFU-KAL-008,Siganus_fuscescens,Kalibo,KAL,F,N,Stage 2,2,14.1,141,69.58,17.04,0,2006,80605,694,,,687,3766.588785,40.72769953,0,0,40.31690141,2.767,-0.1444135,-0.7424272,24.22175455,3.187251178,2.872624271,1.331077136,17.1,4.069005848
138,139,SFU-KAL-009,SFU-KAL-009,SFU-KAL-009,Siganus_fuscescens,Kalibo,KAL,M,Y,Stage 3,3,12.1,121,46.46,17.04,0,2006,80605,694,,,687,3766.588785,40.72769953,0,0,40.31690141,2.822,-0.1444135,-0.7424272,20.82565286,3.036185537,2.230902451,1.264281013,14.8,3.139189189
139,140,SFU-KAL-010,SFU-KAL-010,SFU-KAL-010,Siganus_fuscescens,Kalibo,KAL,M,Y,Stage 3,3,10.3,103,27.47,17.04,0,2006,80605,694,,,687,3766.588785,40.72769953,0,0,40.31690141,2.822,-0.1444135,-0.7424272,17.89715955,2.884642016,1.534880433,1.148528823,12.4,2.215322581
140,141,SFU-KAL-011,SFU-KAL-011,SFU-KAL-011,Siganus_fuscescens,Kalibo,KAL,U,N,Stage 1,1,11.5,115,39.72,17.04,0,2006,80605,694,,,687,3766.588785,40.72769953,0,0,40.31690141,NA,-0.1444135,-0.7424272,19.82637658,2.987013202,2.003391787,1.232620879,14.1,2.817021277
141,142,SFU-KAL-012,SFU-KAL-012,SFU-KAL-012,Siganus_fuscescens,Kalibo,KAL,M,Y,Stage 4,4,12,120,43.81,17.04,0,2006,80605,694,,,687,3766.588785,40.72769953,0,0,40.31690141,2.822,-0.1444135,-0.7424272,20.19666969,3.005517724,2.169169505,1.257640929,14.3,3.063636364
142,143,SFU-KAL-013,SFU-KAL-013,SFU-KAL-013,Siganus_fuscescens,Kalibo,KAL,U,N,Stage 1,1,11.4,114,37.51,17.04,0,2006,80605,694,,,687,3766.588785,40.72769953,0,0,40.31690141,NA,-0.1444135,-0.7424272,19.55131301,2.973042446,1.918541224,1.219157691,13.5,2.778518519
143,144,SFU-KAL-014,SFU-KAL-014,SFU-KAL-014,Siganus_fuscescens,Kalibo,KAL,U,N,Stage 1,1,11.3,113,41.94,17.04,0,2006,80605,694,,,687,3766.588785,40.72769953,0,0,40.31690141,NA,-0.1444135,-0.7424272,19.37346911,2.963904558,2.164816211,1.260580411,13.6,3.083823529
144,145,SFU-KAL-015,SFU-KAL-015,SFU-KAL-015,Siganus_fuscescens,Kalibo,KAL,F,N,Stage 2,2,11.3,113,41.48,17.04,0,2006,80605,694,,,687,3766.588785,40.72769953,0,0,40.31690141,2.767,-0.1444135,-0.7424272,19.66916857,2.979052363,2.10888426,1.250468582,13.1,3.166412214
145,146,SFU-KAL-016,SFU-KAL-016,SFU-KAL-016,Siganus_fuscescens,Kalibo,KAL,M,N,Stage 2,2,11.4,114,40.39,17.04,0,2006,80605,694,,,687,3766.588785,40.72769953,0,0,40.31690141,2.822,-0.1444135,-0.7424272,19.56928858,2.973961428,2.063948305,1.243655077,13.4,3.014179104
146,147,SFU-KAL-017,SFU-KAL-017,SFU-KAL-017,Siganus_fuscescens,Kalibo,KAL,M,N,Stage 2b,2.5,10.7,107,36.46,17.04,0,2006,80605,694,,,687,3766.588785,40.72769953,0,0,40.31690141,2.822,-0.1444135,-0.7424272,18.69779045,2.928405359,1.949963024,1.228045755,13.1,2.783206107
147,148,SFU-KAL-018,SFU-KAL-018,SFU-KAL-018,Siganus_fuscescens,Kalibo,KAL,M,Y,Stage 3,3,12.9,129,45.62,17.04,0,2006,80605,694,,,687,3766.588785,40.72769953,0,0,40.31690141,2.822,-0.1444135,-0.7424272,21.44112073,3.065310608,2.127687287,1.246316183,14.7,3.103401361
148,149,SFU-KAL-019,SFU-KAL-019,SFU-KAL-019,Siganus_fuscescens,Kalibo,KAL,M,N,Stage 2b,2.5,10,100,28.67,17.04,0,2006,80605,694,,,687,3766.588785,40.72769953,0,0,40.31690141,2.822,-0.1444135,-0.7424272,17.5167636,2.863158342,1.63671787,1.172080227,12.4,2.312096774
149,150,SFU-KAL-020,SFU-KAL-020,SFU-KAL-020,Siganus_fuscescens,Kalibo,KAL,M,N,Stage 2b,2.5,10.5,105,30.93,17.04,0,2006,80605,694,,,687,3766.588785,40.72769953,0,0,40.31690141,2.822,-0.1444135,-0.7424272,18.12138748,2.897092869,1.706822948,1.184541449,12.8,2.41640625
150,151,SFU-KAL-021,SFU-KAL-021,SFU-KAL-021,Siganus_fuscescens,Kalibo,KAL,U,N,Stage 1,1,9.5,95,25.22,17.04,0,2006,80605,694,,,687,3766.588785,40.72769953,0,0,40.31690141,NA,-0.1444135,-0.7424272,15.80325979,2.760216235,1.595873278,1.169342202,11.1,2.272072072
151,152,SFU-KAL-022,SFU-KAL-022,SFU-KAL-022,Siganus_fuscescens,Kalibo,KAL,F,N,Stage 2b,2.5,11.3,113,37.67,17.04,0,2006,80605,694,,,687,3766.588785,40.72769953,0,0,40.31690141,2.767,-0.1444135,-0.7424272,19.02990696,2.946011792,1.979515721,1.231788695,13.4,2.81119403
152,153,SFU-KAL-023,SFU-KAL-023,SFU-KAL-023,Siganus_fuscescens,Kalibo,KAL,U,N,Stage 1,1,11.7,117,30.87,17.04,0,2006,80605,694,,,687,3766.588785,40.72769953,0,0,40.31690141,NA,-0.1444135,-0.7424272,18.37977157,2.911250689,1.679563855,1.178113878,12.9,2.393023256
153,154,SFU-KAL-024,SFU-KAL-024,SFU-KAL-024,Siganus_fuscescens,Kalibo,KAL,M,N,Stage 2,2,10.4,104,28.27,17.04,0,2006,80605,694,,,687,3766.588785,40.72769953,0,0,40.31690141,2.822,-0.1444135,-0.7424272,17.42596862,2.857961543,1.622291456,1.16929536,12.3,2.298373984
154,155,SFU-KAL-025,SFU-KAL-025,SFU-KAL-025,Siganus_fuscescens,Kalibo,KAL,U,N,Stage 1,1,9.5,95,22.56,17.04,0,2006,80605,694,,,687,3766.588785,40.72769953,0,0,40.31690141,NA,-0.1444135,-0.7424272,16.28407494,2.790187633,1.385402615,1.116834721,11.4,1.978947368
155,156,SFU-KAL-026,SFU-KAL-026,SFU-KAL-026,Siganus_fuscescens,Kalibo,KAL,F,N,Stage 2,2,11.3,113,40.86,17.04,0,2006,80605,694,,,687,3766.588785,40.72769953,0,0,40.31690141,2.767,-0.1444135,-0.7424272,19.51683061,2.971277202,2.093577631,1.248672318,13.8,2.960869565
156,157,SFU-KAL-027,SFU-KAL-027,SFU-KAL-027,Siganus_fuscescens,Kalibo,KAL,F,N,Stage 2,2,11.6,116,38.92,17.04,0,2006,80605,694,,,687,3766.588785,40.72769953,0,0,40.31690141,2.767,-0.1444135,-0.7424272,19.94189706,2.992822898,1.951669888,1.223429645,13.8,2.820289855
157,158,SFU-KAL-028,SFU-KAL-028,SFU-KAL-028,Siganus_fuscescens,Kalibo,KAL,F,N,Stage 2,2,10.2,102,27.33,17.04,0,2006,80605,694,,,687,3766.588785,40.72769953,0,0,40.31690141,2.767,-0.1444135,-0.7424272,17.56147367,2.865707507,1.556247529,1.154334485,12.5,2.1864
158,159,SFU-KAL-029,SFU-KAL-029,SFU-KAL-029,Siganus_fuscescens,Kalibo,KAL,NA,NA,NA,,11.1,111,37.79,17.04,0,2006,80605,694,,,687,3766.588785,40.72769953,0,0,40.31690141,NA,-0.1444135,-0.7424272,,,,,,
159,160,SFU-KAL-030,SFU-KAL-030,SFU-KAL-030,Siganus_fuscescens,Kalibo,KAL,U,N,Stage 1,1,10.3,103,33.75,17.04,0,2006,80605,694,,,687,3766.588785,40.72769953,0,0,40.31690141,NA,-0.1444135,-0.7424272,18.01790255,2.89136585,1.873137004,1.217065083,12.4,2.721774194
160,161,SFU-KAL-031,SFU-KAL-031,SFU-KAL-031,Siganus_fuscescens,Kalibo,KAL,F,N,Stage 2,2,11.8,118,46.11,17.04,0,2006,80605,694,,,687,3766.588785,40.72769953,0,0,40.31690141,2.767,-0.1444135,-0.7424272,20.56090441,3.023391428,2.242605631,1.267129956,14.2,3.247183099
161,162,SFU-KAL-032,SFU-KAL-032,SFU-KAL-032,Siganus_fuscescens,Kalibo,KAL,U,N,Stage 1,1,11.3,113,35.82,17.04,0,2006,80605,694,,,687,3766.588785,40.72769953,0,0,40.31690141,NA,-0.1444135,-0.7424272,19.35456815,2.962928472,1.850725871,1.207759968,13.9,2.576978417
162,163,SFU-KAL-033,SFU-KAL-033,SFU-KAL-033,Siganus_fuscescens,Kalibo,KAL,NA,NA,NA,,11.5,115,40.67,17.04,0,2006,80605,694,,,687,3766.588785,40.72769953,0,0,40.31690141,NA,-0.1444135,-0.7424272,,,,,,
163,164,SFU-KAL-034,SFU-KAL-034,SFU-KAL-034,Siganus_fuscescens,Kalibo,KAL,M,N,Stage 2,2,9.5,95,22.08,17.04,0,2006,80605,694,,,687,3766.588785,40.72769953,0,0,40.31690141,2.822,-0.1444135,-0.7424272,16.41709018,2.798322876,1.344939923,1.105902484,11.5,1.92
164,165,SFU-KAL-035,SFU-KAL-035,SFU-KAL-035,Siganus_fuscescens,Kalibo,KAL,M,N,Stage 2,2,9.6,96,23.84,17.04,0,2006,80605,694,,,687,3766.588785,40.72769953,0,0,40.31690141,2.822,-0.1444135,-0.7424272,16.45172713,2.800430464,1.449087978,1.1324562,11.6,2.055172414
165,166,SFU-KAL-036,SFU-KAL-036,SFU-KAL-036,Siganus_fuscescens,Kalibo,KAL,U,N,Stage 1,1,9.8,98,29.96,17.04,0,2006,80605,694,,,687,3766.588785,40.72769953,0,0,40.31690141,NA,-0.1444135,-0.7424272,16.86576372,2.825285752,1.776379682,1.203369661,12,2.496666667
166,167,SFU-KAL-037,SFU-KAL-037,SFU-KAL-037,Siganus_fuscescens,Kalibo,KAL,U,N,Stage 1,1,9.1,91,17.57,17.04,0,2006,80605,694,,,687,3766.588785,40.72769953,0,0,40.31690141,NA,-0.1444135,-0.7424272,15.19257364,2.720806732,1.156486084,1.053434949,10.7,1.642056075
167,168,SFU-KAL-038,SFU-KAL-038,SFU-KAL-038,Siganus_fuscescens,Kalibo,KAL,F,N,Stage 2,2,9.5,95,19.05,17.04,0,2006,80605,694,,,687,3766.588785,40.72769953,0,0,40.31690141,2.767,-0.1444135,-0.7424272,15.95028875,2.769476933,1.194335745,1.064124083,11.4,1.671052632
168,169,SFU-KAL-039,SFU-KAL-039,SFU-KAL-039,Siganus_fuscescens,Kalibo,KAL,M,N,Stage 2,2,11.6,116,40.43,17.04,0,2006,80605,694,,,687,3766.588785,40.72769953,0,0,40.31690141,2.822,-0.1444135,-0.7424272,20.09898103,3.000669119,2.011544761,1.232915706,14,2.887857143
169,170,SFU-KAL-040,SFU-KAL-040,SFU-KAL-040,Siganus_fuscescens,Kalibo,KAL,F,N,Stage 2,2,11.2,112,40.02,17.04,0,2006,80605,694,,,687,3766.588785,40.72769953,0,0,40.31690141,2.767,-0.1444135,-0.7424272,19.5050186,2.970671797,2.051779638,1.241934344,13.8,2.9
170,171,SFU-KAL-041,SFU-KAL-041,SFU-KAL-041,Siganus_fuscescens,Kalibo,KAL,U,N,Stage 1,1,10.5,105,30.98,17.04,0,2006,80605,694,,,687,3766.588785,40.72769953,0,0,40.31690141,NA,-0.1444135,-0.7424272,18.09080193,2.895403628,1.712472455,1.185790403,12.8,2.4203125
171,172,SFU-KAL-042,SFU-KAL-042,SFU-KAL-042,Siganus_fuscescens,Kalibo,KAL,M,N,Stage 2,2,9.1,91,19.06,17.04,0,2006,80605,694,,,687,3766.588785,40.72769953,0,0,40.31690141,2.822,-0.1444135,-0.7424272,15.46787694,2.738765418,1.232231164,1.0762484,10.9,1.748623853
172,173,SFU-KAL-043,SFU-KAL-043,SFU-KAL-043,Siganus_fuscescens,Kalibo,KAL,U,N,Stage 1,1,9.3,93,21.51,17.04,0,2006,80605,694,,,687,3766.588785,40.72769953,0,0,40.31690141,NA,-0.1444135,-0.7424272,16.01743956,2.773678101,1.342911264,1.106299228,11.2,1.920535714
173,174,SFU-KAL-044,SFU-KAL-044,SFU-KAL-044,Siganus_fuscescens,Kalibo,KAL,M,N,Stage 2b,2.5,12.6,126,49.64,17.04,0,2006,80605,694,,,687,3766.588785,40.72769953,0,0,40.31690141,2.822,-0.1444135,-0.7424272,21.87191347,3.085203324,2.269577377,1.265653038,15.1,3.287417219
174,175,SFU-KAL-045,SFU-KAL-045,SFU-KAL-045,Siganus_fuscescens,Kalibo,KAL,F,N,Stage 2b,2.5,12.2,122,46.85,17.04,0,2006,80605,694,,,687,3766.588785,40.72769953,0,0,40.31690141,2.767,-0.1444135,-0.7424272,20.82930999,3.036361129,2.249234373,1.266960959,14.6,3.20890411
175,176,SFU-KAL-047,SFU-KAL-047,SFU-KAL-047,Siganus_fuscescens,Kalibo,KAL,M,N,Stage 2,2,11.5,115,22.94,17.04,0,2006,80605,694,,,687,3766.588785,40.72769953,0,0,40.31690141,2.822,-0.1444135,-0.7424272,16.62276623,2.810773215,1.380035048,1.114597967,11.7,1.960683761
176,177,SFU-KAL-048,SFU-KAL-048,SFU-KAL-048,Siganus_fuscescens,Kalibo,KAL,U,N,Stage 1,1,9.6,96,31.35,17.04,0,2006,80605,694,,,687,3766.588785,40.72769953,0,0,40.31690141,NA,-0.1444135,-0.7424272,18.15009503,2.898675797,1.727263684,1.188547637,13.2,2.375
177,178,SFU-KAL-049,SFU-KAL-049,SFU-KAL-049,Siganus_fuscescens,Kalibo,KAL,U,N,Stage 1,1,10.6,106,46.06,17.04,0,2006,80605,694,,,687,3766.588785,40.72769953,0,0,40.31690141,NA,-0.1444135,-0.7424272,21.07086998,3.047891517,2.185956254,1.256588324,14.9,3.091275168
178,179,SFU-KAL-050,SFU-KAL-050,SFU-KAL-050,Siganus_fuscescens,Kalibo,KAL,F,N,Stage 2,2,12.1,121,45.71,17.04,0,2006,80605,694,,,687,3766.588785,40.72769953,0,0,40.31690141,2.767,-0.1444135,-0.7424272,20.83604056,3.036684207,2.193794923,1.258714055,14.6,3.130821918
179,180,SFU-KAL-051,SFU-KAL-051,SFU-KAL-051,Siganus_fuscescens,Kalibo,KAL,F,N,Stage 2,2,12.1,121,27.31,17.04,0,2006,80605,694,,,687,3766.588785,40.72769953,0,0,40.31690141,2.767,-0.1444135,-0.7424272,17.15867514,2.842503885,1.591614724,1.163499882,12,2.275833333
180,181,SFU-KAL-052,SFU-KAL-052,SFU-KAL-052,Siganus_fuscescens,Kalibo,KAL,U,N,Stage 1,1,10.2,102,61.65,17.04,0,2006,80605,694,,,687,3766.588785,40.72769953,0,0,40.31690141,NA,-0.1444135,-0.7424272,22.38973537,3.108602611,2.753493911,1.325828272,15.5,3.977419355
181,182,SFU-KAL-053,SFU-KAL-053,SFU-KAL-053,Siganus_fuscescens,Kalibo,KAL,F,N,Stage 2,2,12.8,128,24.81,17.04,0,2006,80605,694,,,687,3766.588785,40.72769953,0,0,40.31690141,2.767,-0.1444135,-0.7424272,16.6200373,2.810609034,1.492776433,1.142544822,11.7,2.120512821
182,183,SFU-KAL-054,SFU-KAL-054,SFU-KAL-054,Siganus_fuscescens,Kalibo,KAL,U,N,Stage 1,1,9.6,96,20.92,17.04,0,2006,80605,694,,,687,3766.588785,40.72769953,0,0,40.31690141,NA,-0.1444135,-0.7424272,16.199812,2.784999637,1.291373011,1.091815453,11.5,1.819130435
183,184,SFU-KAL-055,SFU-KAL-055,SFU-KAL-055,Siganus_fuscescens,Kalibo,KAL,U,N,Stage 1,1,9.4,94,22.5,17.04,0,2006,80605,694,,,687,3766.588785,40.72769953,0,0,40.31690141,NA,-0.1444135,-0.7424272,17.88086466,2.883731128,1.25832841,1.079682942,12.6,1.785714286
184,185,SFU-KAL-056,SFU-KAL-056,SFU-KAL-056,Siganus_fuscescens,Kalibo,KAL,U,N,Stage 1,1,10.3,103,32.39,17.04,0,2006,80605,694,,,687,3766.588785,40.72769953,0,0,40.31690141,NA,-0.1444135,-0.7424272,18.11030465,2.896481094,1.788484547,1.200715496,12.6,2.570634921
185,186,SFU-KAL-057,SFU-KAL-057,SFU-KAL-057,Siganus_fuscescens,Kalibo,KAL,U,N,Stage 1,1,10.4,104,34.05,17.04,0,2006,80605,694,,,687,3766.588785,40.72769953,0,0,40.31690141,NA,-0.1444135,-0.7424272,18.64845447,2.925763272,1.825888577,1.205781092,12.8,2.66015625
186,187,SFU-KAL-058,SFU-KAL-058,SFU-KAL-058,Siganus_fuscescens,Kalibo,KAL,U,N,Stage 1,1,10.6,106,29.48,17.04,0,2006,80605,694,,,687,3766.588785,40.72769953,0,0,40.31690141,NA,-0.1444135,-0.7424272,17.40268527,2.85662452,1.693991447,1.184514116,12.3,2.396747967
187,188,SFU-KAL-059,SFU-KAL-059,SFU-KAL-059,Siganus_fuscescens,Kalibo,KAL,U,N,Stage 1,1,10,100,37.88,17.04,0,2006,80605,694,,,687,3766.588785,40.72769953,0,0,40.31690141,NA,-0.1444135,-0.7424272,19.53199287,2.972053781,1.939382236,1.222865916,13.6,2.785294118
188,189,SFU-KAL-060,SFU-KAL-060,SFU-KAL-060,Siganus_fuscescens,Kalibo,KAL,U,N,Stage 1,1,11.5,115,29.77,17.04,0,2006,80605,694,,,687,3766.588785,40.72769953,0,0,40.31690141,NA,-0.1444135,-0.7424272,16.69374927,2.815034354,1.783302212,1.205491922,11.7,2.544444444
189,190,SFU-KAL-061,SFU-KAL-061,SFU-KAL-061,Siganus_fuscescens,Kalibo,KAL,U,N,Stage 1,1,9.6,96,21.01,17.04,0,2006,80605,694,,,687,3766.588785,40.72769953,0,0,40.31690141,NA,-0.1444135,-0.7424272,16.15420366,2.782180304,1.300590264,1.094464838,11.3,1.859292035
190,191,SFU-KAL-062,SFU-KAL-062,SFU-KAL-062,Siganus_fuscescens,Kalibo,KAL,U,N,Stage 1,1,10.6,106,32.38,17.04,0,2006,80605,694,,,687,3766.588785,40.72769953,0,0,40.31690141,NA,-0.1444135,-0.7424272,18.50249623,2.917905654,1.750034136,1.191793485,13.2,2.453030303
191,192,SFU-KAL-063,SFU-KAL-063,SFU-KAL-063,Siganus_fuscescens,Kalibo,KAL,U,N,Stage 1,1,11.9,119,44.77,17.04,0,2006,80605,694,,,687,3766.588785,40.72769953,0,0,40.31690141,NA,-0.1444135,-0.7424272,20.66324516,3.028356526,2.166649026,1.255313976,14.6,3.066438356
192,193,SFU-KAL-064,SFU-KAL-064,SFU-KAL-064,Siganus_fuscescens,Kalibo,KAL,NA,NA,NA,,10.9,109,36.14,17.04,0,2006,80605,694,,,687,3766.588785,40.72769953,0,0,40.31690141,NA,-0.1444135,-0.7424272,,,,,,
193,194,SFU-SIP-001,SFU-SIP-001,SFU-SIP-001,Siganus_fuscescens,Sipalay,SIP,M,NA,NA,,13.3,133,50.61,57.24,165.5,214,70070,1716,,,1275,1300,29.97903564,0,0,22.27463312,1.796,1.941224,2.087409,22.34192599,3.106465002,2.265247858,1.26322015,16.1,3.143478261
194,195,SFU-SIP-002,SFU-SIP-002,SFU-SIP-002,Siganus_fuscescens,Sipalay,SIP,M,NA,NA,,13.4,134,56.69,57.24,165.5,214,70070,1716,,,1275,1300,29.97903564,0,0,22.27463312,1.796,1.941224,2.087409,23.35886442,3.150976545,2.426915923,1.281379842,16.5,3.435757576
195,196,SFU-SIP-003,SFU-SIP-003,SFU-SIP-003,Siganus_fuscescens,Sipalay,SIP,NA,NA,NA,,12.5,125,51.26,57.24,165.5,214,70070,1716,,,1275,1300,29.97903564,0,0,22.27463312,NA,1.941224,2.087409,,,,,,
196,197,SFU-SIP-004,SFU-SIP-004,SFU-SIP-004,Siganus_fuscescens,Sipalay,SIP,F,NA,NA,,13.6,136,58.55,57.24,165.5,214,70070,1716,,,1275,1300,29.97903564,0,0,22.27463312,2.606,1.941224,2.087409,23.66119235,3.163836252,2.47451604,1.286375389,16.6,3.527108434
197,198,SFU-SIP-005,SFU-SIP-005,SFU-SIP-005,Siganus_fuscescens,Sipalay,SIP,M,NA,NA,,12.7,127,49.38,57.24,165.5,214,70070,1716,,,1275,1300,29.97903564,0,0,22.27463312,1.796,1.941224,2.087409,22.21623722,3.100823428,2.222698629,1.257583856,15.5,3.185806452
198,199,SFU-SIP-006,SFU-SIP-006,SFU-SIP-006,Siganus_fuscescens,Sipalay,SIP,M,NA,NA,,11.9,119,46.59,57.24,165.5,214,70070,1716,,,1275,1300,29.97903564,0,0,22.27463312,1.796,1.941224,2.087409,20.58066668,3.024352124,2.263775062,1.270151678,15,3.106
199,200,SFU-SIP-007,SFU-SIP-007,SFU-SIP-007,Siganus_fuscescens,Sipalay,SIP,F,NA,NA,,13.9,139,66.89,57.24,165.5,214,70070,1716,,,1275,1300,29.97903564,0,0,22.27463312,2.606,1.941224,2.087409,24.33313864,3.191839151,2.748926104,1.31681118,17.4,3.844252874
200,201,SFU-SIP-008,SFU-SIP-008,SFU-SIP-008,Siganus_fuscescens,Sipalay,SIP,M,NA,NA,,12.9,129,54.27,57.24,165.5,214,70070,1716,,,1275,1300,29.97903564,0,0,22.27463312,1.796,1.941224,2.087409,22.31792317,3.105390085,2.431677876,1.286141669,15.4,3.524025974
201,202,SFU-SIP-009,SFU-SIP-009,SFU-SIP-009,Siganus_fuscescens,Sipalay,SIP,M,NA,NA,,12.6,126,57.06,57.24,165.5,214,70070,1716,,,1275,1300,29.97903564,0,0,22.27463312,1.796,1.941224,2.087409,22.21924019,3.100958589,2.568044609,1.304146195,15.4,3.705194805
202,203,SFU-SIP-010,SFU-SIP-010,SFU-SIP-010,Siganus_fuscescens,Sipalay,SIP,M,NA,NA,,13.5,135,56.77,57.24,165.5,214,70070,1716,,,1275,1300,29.97903564,0,0,22.27463312,1.796,1.941224,2.087409,23.22618918,3.145280486,2.444223612,1.284148754,16.7,3.399401198
263,264,SFU-SIP-011,SFU-SIP-011,SFU-SIP-011,Siganus_fuscescens,Sipalay,SIP,M,NA,NA,,12.9,129,47.87,57.24,165.5,214,70070,1716,,,1275,1300,29.97903564,0,0,22.27463312,1.796,1.941224,2.087409,21.50599026,3.068331513,2.225891457,1.260779348,15.6,3.068589744
264,265,SFU-SIP-012,SFU-SIP-012,SFU-SIP-012,Siganus_fuscescens,Sipalay,SIP,F,N,Stage 2b,2.5,14.1,141,59.51,57.24,165.5,214,70070,1716,,,1275,1300,29.97903564,0,0,22.27463312,2.606,1.941224,2.087409,23.40701504,3.153035765,2.542400212,1.295939745,16.9,3.521301775
265,266,SFU-SIP-013,SFU-SIP-013,SFU-SIP-013,Siganus_fuscescens,Sipalay,SIP,F,NA,NA,,13.2,132,53.91,57.24,165.5,214,70070,1716,,,1275,1300,29.97903564,0,0,22.27463312,2.606,1.941224,2.087409,22.30735059,3.104916247,2.416692192,1.284194378,16.3,3.307361963
266,267,SFU-SIP-014,SFU-SIP-014,SFU-SIP-014,Siganus_fuscescens,Sipalay,SIP,F,N,Stage 2b,2.5,13.7,137,53.59,57.24,165.5,214,70070,1716,,,1275,1300,29.97903564,0,0,22.27463312,2.606,1.941224,2.087409,22.82704882,3.127946185,2.347653454,1.272835992,16.4,3.267682927
267,268,SFU-SIP-015,SFU-SIP-015,SFU-SIP-015,Siganus_fuscescens,Sipalay,SIP,F,N,Stage 2b,2.5,13.7,137,53.16,57.24,165.5,214,70070,1716,,,1275,1300,29.97903564,0,0,22.27463312,2.606,1.941224,2.087409,22.76461611,3.125207405,2.335203007,1.271373614,16.7,3.183233533
268,269,SFU-SIP-016,SFU-SIP-016,SFU-SIP-016,Siganus_fuscescens,Sipalay,SIP,F,Y,Stage 3,3,14.2,142,70.99,57.24,165.5,214,70070,1716,,,1275,1300,29.97903564,0,0,22.27463312,2.606,1.941224,2.087409,24.12112298,3.183087929,2.94306364,1.339120727,17.2,4.127325581
269,270,SFU-SIP-017,SFU-SIP-017,SFU-SIP-017,Siganus_fuscescens,Sipalay,SIP,M,NA,NA,,14,140,59.76,57.24,165.5,214,70070,1716,,,1275,1300,29.97903564,0,0,22.27463312,1.796,1.941224,2.087409,23.49338677,3.156718968,2.543694555,1.295755683,16.9,3.536094675
270,271,SFU-SIP-018,SFU-SIP-018,SFU-SIP-018,Siganus_fuscescens,Sipalay,SIP,M,N,Stage 2b,2.5,14.2,142,60.5,57.24,165.5,214,70070,1716,,,1275,1300,29.97903564,0,0,22.27463312,1.796,1.941224,2.087409,23.48772482,3.156477937,2.575813556,1.299753538,17.2,3.51744186
271,272,SFU-SIP-019,SFU-SIP-019,SFU-SIP-019,Siganus_fuscescens,Sipalay,SIP,M,NA,NA,,13.1,131,53.45,57.24,165.5,214,70070,1716,,,1275,1300,29.97903564,0,0,22.27463312,1.796,1.941224,2.087409,22.13617201,3.097213013,2.414599957,1.284621568,15.9,3.36163522
272,273,SFU-SIP-020,SFU-SIP-020,SFU-SIP-020,Siganus_fuscescens,Sipalay,SIP,M,NA,NA,,13.9,139,54.98,57.24,165.5,214,70070,1716,,,1275,1300,29.97903564,0,0,22.27463312,1.796,1.941224,2.087409,23.39865567,3.152678571,2.34970764,1.270973045,16.9,3.253254438
273,274,SFU-SIP-021,SFU-SIP-021,SFU-SIP-021,Siganus_fuscescens,Sipalay,SIP,F,N,Stage 2b,2.5,12.5,125,42.87,57.24,165.5,214,70070,1716,,,1275,1300,29.97903564,0,0,22.27463312,2.606,1.941224,2.087409,20.81583246,3.035713873,2.059490058,1.237986331,15.3,2.801960784
274,275,SFU-SIP-022,SFU-SIP-022,SFU-SIP-022,Siganus_fuscescens,Sipalay,SIP,M,NA,NA,,12.9,129,54.56,57.24,165.5,214,70070,1716,,,1275,1300,29.97903564,0,0,22.27463312,1.796,1.941224,2.087409,21.87067671,3.085146776,2.494664465,1.296308183,16.1,3.388819876
275,276,SFU-SIP-023,SFU-SIP-023,SFU-SIP-023,Siganus_fuscescens,Sipalay,SIP,F,Y,Stage 3,3,12.7,127,54.19,57.24,165.5,214,70070,1716,,,1275,1300,29.97903564,0,0,22.27463312,2.606,1.941224,2.087409,21.69543056,3.077101665,2.497760985,1.297486019,15.5,3.496129032
276,277,SFU-SIP-024,SFU-SIP-024,SFU-SIP-024,Siganus_fuscescens,Sipalay,SIP,M,NA,NA,,11.7,117,36.86,57.24,165.5,214,70070,1716,,,1275,1300,29.97903564,0,0,22.27463312,1.796,1.941224,2.087409,19.39572053,2.96505245,1.900419216,1.216547435,13.8,2.671014493
277,278,SFU-SIP-025,SFU-SIP-025,SFU-SIP-025,Siganus_fuscescens,Sipalay,SIP,F,Y,Stage 4,4,13.3,133,58.5,57.24,165.5,214,70070,1716,,,1275,1300,29.97903564,0,0,22.27463312,2.606,1.941224,2.087409,22.86878615,3.129772931,2.558071933,1.300102865,16.1,3.633540373
278,279,SFU-SIP-026,SFU-SIP-026,SFU-SIP-026,Siganus_fuscescens,Sipalay,SIP,F,N,Stage 2,2,14.3,143,73.57,57.24,165.5,214,70070,1716,,,1275,1300,29.97903564,0,0,22.27463312,2.606,1.941224,2.087409,24.14929756,3.184255293,3.046465423,1.349840681,17.2,4.277325581
279,280,SFU-SIP-027,SFU-SIP-027,SFU-SIP-027,Siganus_fuscescens,Sipalay,SIP,M,NA,NA,,12.7,127,50.41,57.24,165.5,214,70070,1716,,,1275,1300,29.97903564,0,0,22.27463312,1.796,1.941224,2.087409,21.59102274,3.072277615,2.334766657,1.275988065,15.5,3.252258065
280,281,SFU-SIP-028,SFU-SIP-028,SFU-SIP-028,Siganus_fuscescens,Sipalay,SIP,F,N,Stage 2b,2.5,13.1,131,56.45,57.24,165.5,214,70070,1716,,,1275,1300,29.97903564,0,0,22.27463312,2.606,1.941224,2.087409,22.38523043,3.108401386,2.521752018,1.297565787,15.8,3.57278481
281,282,SFU-SIP-029,SFU-SIP-029,SFU-SIP-029,Siganus_fuscescens,Sipalay,SIP,F,Y,Stage 4,4,13.4,134,62.65,57.24,165.5,214,70070,1716,,,1275,1300,29.97903564,0,0,22.27463312,2.606,1.941224,2.087409,22.92577324,3.132261747,2.732732255,1.320950807,16.3,3.843558282
282,283,SFU-SIP-030,SFU-SIP-030,SFU-SIP-030,Siganus_fuscescens,Sipalay,SIP,M,NA,NA,,13,130,51.94,57.24,165.5,214,70070,1716,,,1275,1300,29.97903564,0,0,22.27463312,1.796,1.941224,2.087409,21.91519187,3.087180089,2.370045415,1.279513696,15.8,3.287341772
283,284,SFU-SIP-031,SFU-SIP-031,SFU-SIP-031,Siganus_fuscescens,Sipalay,SIP,M,N,Stage 2b,2.5,12.8,128,50.44,57.24,165.5,214,70070,1716,,,1275,1300,29.97903564,0,0,22.27463312,1.796,1.941224,2.087409,21.37986099,3.062449404,2.359229558,1.280277319,15.4,3.275324675
284,285,SFU-SIP-032,SFU-SIP-032,SFU-SIP-032,Siganus_fuscescens,Sipalay,SIP,F,Y,Stage 4,4,12.2,122,45.24,57.24,165.5,214,70070,1716,,,1275,1300,29.97903564,0,0,22.27463312,2.606,1.941224,2.087409,20.92539298,3.040963397,2.161966566,1.253544076,15,3.016
285,286,SFU-SIP-033,SFU-SIP-033,SFU-SIP-033,Siganus_fuscescens,Sipalay,SIP,M,NA,NA,,13.2,132,50.78,57.24,165.5,214,70070,1716,,,1275,1300,29.97903564,0,0,22.27463312,1.796,1.941224,2.087409,22.13837468,3.097312513,2.293754656,1.268035614,15.8,3.213924051
286,287,SFU-SIP-034,SFU-SIP-034,SFU-SIP-034,Siganus_fuscescens,Sipalay,SIP,F,Y,Stage 3,3,12.8,128,54.58,57.24,165.5,214,70070,1716,,,1275,1300,29.97903564,0,0,22.27463312,2.606,1.941224,2.087409,21.63229582,3.074187375,2.523079402,1.301048709,15.7,3.476433121
287,288,SFU-SIP-035,SFU-SIP-035,SFU-SIP-035,Siganus_fuscescens,Sipalay,SIP,M,NA,NA,,13.1,131,48.28,57.24,165.5,214,70070,1716,,,1275,1300,29.97903564,0,0,22.27463312,1.796,1.941224,2.087409,22.32624584,3.10576293,2.162477308,1.248330115,16.4,2.943902439
288,289,SFU-SIP-036,SFU-SIP-036,SFU-SIP-036,Siganus_fuscescens,Sipalay,SIP,F,NA,NA,,12.9,129,54.85,57.24,165.5,214,70070,1716,,,1275,1300,29.97903564,0,0,22.27463312,2.606,1.941224,2.087409,22.23658271,3.101738802,2.466655993,1.291082983,15.7,3.493630573
289,290,SFU-SIP-037,SFU-SIP-037,SFU-SIP-037,Siganus_fuscescens,Sipalay,SIP,F,Y,Stage 4,4,14.3,143,71.85,57.24,165.5,214,70070,1716,,,1275,1300,29.97903564,0,0,22.27463312,2.606,1.941224,2.087409,24.63571407,3.204197182,2.916497561,1.334056667,17.9,4.01396648
290,291,SFU-SIP-038,SFU-SIP-038,SFU-SIP-038,Siganus_fuscescens,Sipalay,SIP,M,N,Stage 2,2,12.8,128,46.88,57.24,165.5,214,70070,1716,,,1275,1300,29.97903564,0,0,22.27463312,1.796,1.941224,2.087409,22.07768793,3.094567503,2.123410755,1.243337281,15.9,2.948427673
291,292,SFU-SIP-039,SFU-SIP-039,SFU-SIP-039,Siganus_fuscescens,Sipalay,SIP,M,N,Stage 2,2,12.7,127,52.74,57.24,165.5,214,70070,1716,,,1275,1300,29.97903564,0,0,22.27463312,1.796,1.941224,2.087409,22.00428537,3.091237224,2.396805855,1.282778995,15.7,3.359235669
203,204,SFU-AYU-001,SFU-AYU-001,SFU-AYU-001,Siganus_fuscescens,Ayungon,AYU,F,N,Stage 2b,2.5,14.1,141,71.4,15.54,83.1,186,46303,1025,,138,1023,4097.610619,65.95881596,0,8.88030888,65.83011583,2.816,1.484768,-0.9490012,24.6740664,3.205752749,2.893726508,1.331449492,16.7,4.275449102
204,205,SFU-AYU-002,SFU-AYU-002,SFU-AYU-002,Siganus_fuscescens,Ayungon,AYU,M,N,Stage 2b,2.5,6.2,62,16.16,15.54,83.1,186,46303,1025,,138,1023,4097.610619,65.95881596,0,8.88030888,65.83011583,2.728,1.484768,-0.9490012,14.93861922,2.703949754,1.081759951,1.02906463,10.6,1.524528302
205,206,SFU-AYU-003,SFU-AYU-003,SFU-AYU-003,Siganus_fuscescens,Ayungon,AYU,F,N,Stage 2b,2.5,16.6,166,98.66,15.54,83.1,186,46303,1025,,138,1023,4097.610619,65.95881596,0,8.88030888,65.83011583,2.816,1.484768,-0.9490012,28.27692395,3.342046064,3.489064092,1.373912719,19.6,5.033673469
206,207,SFU-AYU-004,SFU-AYU-004,SFU-AYU-004,Siganus_fuscescens,Ayungon,AYU,M,N,Stage 2,2,10.2,102,27.5,15.54,83.1,186,46303,1025,,138,1023,4097.610619,65.95881596,0,8.88030888,65.83011583,2.728,1.484768,-0.9490012,17.537694,2.864352507,1.568051079,1.157045439,12.2,2.254098361
207,208,SFU-AYU-005,SFU-AYU-005,SFU-AYU-005,Siganus_fuscescens,Ayungon,AYU,F,N,Stage 2b,2.5,11.6,116,36.16,15.54,83.1,186,46303,1025,,138,1023,4097.610619,65.95881596,0,8.88030888,65.83011583,2.816,1.484768,-0.9490012,19.2718525,2.958645612,1.876311579,1.212701353,13.7,2.639416058
208,209,SFU-AYU-006,SFU-AYU-006,SFU-AYU-006,Siganus_fuscescens,Ayungon,AYU,M,NA,NA,,9.9,99,22.59,15.54,83.1,186,46303,1025,,138,1023,4097.610619,65.95881596,0,8.88030888,65.83011583,2.728,1.484768,-0.9490012,16.74945288,2.818365594,1.34870077,1.106140146,11.8,1.91440678
209,210,SFU-AYU-007,SFU-AYU-007,SFU-AYU-007,Siganus_fuscescens,Ayungon,AYU,F,Y,Stage 5,5,13.9,139,60.06,15.54,83.1,186,46303,1025,,138,1023,4097.610619,65.95881596,0,8.88030888,65.83011583,2.816,1.484768,-0.9490012,23.43305642,3.154147693,2.563045935,1.298399587,16.5,3.64
210,211,SFU-AYU-008,SFU-AYU-008,SFU-AYU-008,Siganus_fuscescens,Ayungon,AYU,M,N,Stage 2b,2.5,13.2,132,53.71,15.54,83.1,186,46303,1025,,138,1023,4097.610619,65.95881596,0,8.88030888,65.83011583,2.728,1.484768,-0.9490012,22.15993612,3.098285979,2.423743449,1.285742901,16,3.356875
211,212,SFU-AYU-009,SFU-AYU-009,SFU-AYU-009,Siganus_fuscescens,Ayungon,AYU,F,Y,Stage 3,3,15.8,158,92.13,15.54,83.1,186,46303,1025,,138,1023,4097.610619,65.95881596,0,8.88030888,65.83011583,2.816,1.484768,-0.9490012,26.98182011,3.29516331,3.414521319,1.372678741,18.9,4.874603175
212,213,SFU-AYU-010,SFU-AYU-010,SFU-AYU-010,Siganus_fuscescens,Ayungon,AYU,M,N,Stage 2b,2.5,10,100,22.23,15.54,83.1,186,46303,1025,,138,1023,4097.610619,65.95881596,0,8.88030888,65.83011583,2.728,1.484768,-0.9490012,16.73947746,2.81776985,1.327998443,1.100672835,12,1.8525
213,214,SFU-AYU-011,SFU-AYU-011,SFU-AYU-011,Siganus_fuscescens,Ayungon,AYU,M,N,Stage 2,2,11.1,111,29.59,15.54,83.1,186,46303,1025,,138,1023,4097.610619,65.95881596,0,8.88030888,65.83011583,2.728,1.484768,-0.9490012,18.43837636,2.914434164,1.604805077,1.162296444,13.2,2.241666667
214,215,SFU-AYU-012,SFU-AYU-012,SFU-AYU-012,Siganus_fuscescens,Ayungon,AYU,M,N,Stage 2,2,9.1,91,17.71,15.54,83.1,186,46303,1025,,138,1023,4097.610619,65.95881596,0,8.88030888,65.83011583,2.728,1.484768,-0.9490012,15.27416368,2.726162753,1.159474284,1.054276546,10.8,1.639814815
215,216,SFU-AYU-013,SFU-AYU-013,SFU-AYU-013,Siganus_fuscescens,Ayungon,AYU,NA,NA,NA,,9.9,99,22.18,15.54,83.1,186,46303,1025,,138,1023,4097.610619,65.95881596,0,8.88030888,65.83011583,NA,1.484768,-0.9490012,,,,,,
216,217,SFU-AYU-014,SFU-AYU-014,SFU-AYU-014,Siganus_fuscescens,Ayungon,AYU,M,N,Stage 2,2,9.7,97,22.62,15.54,83.1,186,46303,1025,,138,1023,4097.610619,65.95881596,0,8.88030888,65.83011583,2.728,1.484768,-0.9490012,16.31520692,2.792097613,1.386436599,1.117022004,11.5,1.966956522
217,218,SFU-AYU-015,SFU-AYU-015,SFU-AYU-015,Siganus_fuscescens,Ayungon,AYU,M,N,Stage 2b,2.5,10.7,107,26.41,15.54,83.1,186,46303,1025,,138,1023,4097.610619,65.95881596,0,8.88030888,65.83011583,2.728,1.484768,-0.9490012,17.67444792,2.872119976,1.494247522,1.139834949,12.4,2.12983871
218,219,SFU-AYU-016,SFU-AYU-016,SFU-AYU-016,Siganus_fuscescens,Ayungon,AYU,F,Y,Stage 3,3,15.3,153,75.94,15.54,83.1,186,46303,1025,,138,1023,4097.610619,65.95881596,0,8.88030888,65.83011583,2.816,1.484768,-0.9490012,25.82573166,3.251371346,2.940478163,1.331728398,18.6,4.082795699
219,220,SFU-AYU-017,SFU-AYU-017,SFU-AYU-017,Siganus_fuscescens,Ayungon,AYU,F,N,Stage 2,2,11.6,116,37.65,15.54,83.1,186,46303,1025,,138,1023,4097.610619,65.95881596,0,8.88030888,65.83011583,2.816,1.484768,-0.9490012,19.88884141,2.990158841,1.893021279,1.21342482,14.2,2.651408451
220,221,SFU-AYU-018,SFU-AYU-018,SFU-AYU-018,Siganus_fuscescens,Ayungon,AYU,M,N,Stage 2b,2.5,10.8,108,30.82,15.54,83.1,186,46303,1025,,138,1023,4097.610619,65.95881596,0,8.88030888,65.83011583,2.728,1.484768,-0.9490012,18.14028237,2.898135011,1.698981271,1.182886172,12.9,2.389147287
221,222,SFU-AYU-019,SFU-AYU-019,SFU-AYU-019,Siganus_fuscescens,Ayungon,AYU,F,N,Stage 2,2,11.3,113,32.46,15.54,83.1,186,46303,1025,,138,1023,4097.610619,65.95881596,0,8.88030888,65.83011583,2.816,1.484768,-0.9490012,18.65141683,2.925922113,1.74035036,1.189371565,13.3,2.440601504
222,223,SFU-AYU-020,SFU-AYU-020,SFU-AYU-020,Siganus_fuscescens,Ayungon,AYU,NA,NA,NA,,9.5,95,19.71,15.54,83.1,186,46303,1025,,138,1023,4097.610619,65.95881596,0,8.88030888,65.83011583,NA,1.484768,-0.9490012,,,,,,
223,224,SFU-AYU-021,SFU-AYU-021,SFU-AYU-021,Siganus_fuscescens,Ayungon,AYU,M,N,Stage 2,2,9.3,93,19.58,15.54,83.1,186,46303,1025,,138,1023,4097.610619,65.95881596,0,8.88030888,65.83011583,2.728,1.484768,-0.9490012,15.60763652,2.747760315,1.254514095,1.082521143,11.3,1.732743363
224,225,SFU-AYU-022,SFU-AYU-022,SFU-AYU-022,Siganus_fuscescens,Ayungon,AYU,M,Y,Stage 4,4,13.9,139,62.24,15.54,83.1,186,46303,1025,,138,1023,4097.610619,65.95881596,0,8.88030888,65.83011583,2.728,1.484768,-0.9490012,23.17408412,3.14303459,2.685758785,1.314334208,16.4,3.795121951
225,226,SFU-AYU-023,SFU-AYU-023,SFU-AYU-023,Siganus_fuscescens,Ayungon,AYU,F,N,Stage 2,2,12.1,121,40.87,15.54,83.1,186,46303,1025,,138,1023,4097.610619,65.95881596,0,8.88030888,65.83011583,2.816,1.484768,-0.9490012,20.24891551,3.008101237,2.018379699,1.233467894,14.5,2.81862069
226,227,SFU-AYU-024,SFU-AYU-024,SFU-AYU-024,Siganus_fuscescens,Ayungon,AYU,F,N,Stage 2,2,10.4,104,28.26,15.54,83.1,186,46303,1025,,138,1023,4097.610619,65.95881596,0,8.88030888,65.83011583,2.816,1.484768,-0.9490012,17.63325168,2.86978642,1.602653924,1.164354028,12.4,2.279032258
227,228,SFU-AYU-025,SFU-AYU-025,SFU-AYU-025,Siganus_fuscescens,Ayungon,AYU,NA,NA,NA,,10.7,107,29.95,15.54,83.1,186,46303,1025,,138,1023,4097.610619,65.95881596,0,8.88030888,65.83011583,NA,1.484768,-0.9490012,,,,,,
228,229,SFU-AYU-026,SFU-AYU-026,SFU-AYU-026,Siganus_fuscescens,Ayungon,AYU,F,N,Stage 2,2,9.2,92,21.27,15.54,83.1,186,46303,1025,,138,1023,4097.610619,65.95881596,0,8.88030888,65.83011583,2.816,1.484768,-0.9490012,15.69440117,2.753304035,1.355260374,1.11041047,11,1.933636364
229,230,SFU-AYU-027,SFU-AYU-027,SFU-AYU-027,Siganus_fuscescens,Ayungon,AYU,M,Y,Stage 3,3,9.3,93,20.28,15.54,83.1,186,46303,1025,,138,1023,4097.610619,65.95881596,0,8.88030888,65.83011583,2.728,1.484768,-0.9490012,16.06343556,2.776545606,1.262494559,1.083949485,11.3,1.794690265
230,231,SFU-AYU-028,SFU-AYU-028,SFU-AYU-028,Siganus_fuscescens,Ayungon,AYU,M,N,Stage 2b,2.5,10,100,23.19,15.54,83.1,186,46303,1025,,138,1023,4097.610619,65.95881596,0,8.88030888,65.83011583,2.728,1.484768,-0.9490012,16.71182949,2.816116821,1.387639816,1.116331939,12,1.9325
231,232,SFU-AYU-029,SFU-AYU-029,SFU-AYU-029,Siganus_fuscescens,Ayungon,AYU,M,N,Stage 2,2,9.6,96,21.65,15.54,83.1,186,46303,1025,,138,1023,4097.610619,65.95881596,0,8.88030888,65.83011583,2.728,1.484768,-0.9490012,16.29237811,2.790697398,1.328842226,1.101877064,11.5,1.882608696
232,233,SFU-AYU-030,SFU-AYU-030,SFU-AYU-030,Siganus_fuscescens,Ayungon,AYU,M,NA,NA,,10.6,106,30.33,15.54,83.1,186,46303,1025,,138,1023,4097.610619,65.95881596,0,8.88030888,65.83011583,2.728,1.484768,-0.9490012,18.05394615,2.893364284,1.679965131,1.179297519,12.6,2.407142857
233,234,SFU-AYU-031,SFU-AYU-031,SFU-AYU-031,Siganus_fuscescens,Ayungon,AYU,M,NA,NA,,9.1,91,17.74,15.54,83.1,186,46303,1025,,138,1023,4097.610619,65.95881596,0,8.88030888,65.83011583,2.728,1.484768,-0.9490012,15.52108637,2.742199511,1.142961232,1.048728207,10.8,1.642592593
234,235,SFU-AYU-032,SFU-AYU-032,SFU-AYU-032,Siganus_fuscescens,Ayungon,AYU,M,NA,NA,,10.9,109,29.28,15.54,83.1,186,46303,1025,,138,1023,4097.610619,65.95881596,0,8.88030888,65.83011583,2.728,1.484768,-0.9490012,18.19861691,2.901345597,1.608913476,1.16390984,13.1,2.235114504
235,236,SFU-AYU-033,SFU-AYU-033,SFU-AYU-033,Siganus_fuscescens,Ayungon,AYU,M,NA,NA,,11.3,113,33.63,15.54,83.1,186,46303,1025,,138,1023,4097.610619,65.95881596,0,8.88030888,65.83011583,2.728,1.484768,-0.9490012,19.02318011,2.945658241,1.767843221,1.193423757,13.4,2.509701493
236,237,SFU-AYU-034,SFU-AYU-034,SFU-AYU-034,Siganus_fuscescens,Ayungon,AYU,NA,NA,NA,,10.9,109,29.27,15.54,83.1,186,46303,1025,,138,1023,4097.610619,65.95881596,0,8.88030888,65.83011583,NA,1.484768,-0.9490012,,,,,,
237,238,SFU-AYU-035,SFU-AYU-035,SFU-AYU-035,Siganus_fuscescens,Ayungon,AYU,NA,NA,NA,,11.1,111,30.82,15.54,83.1,186,46303,1025,,138,1023,4097.610619,65.95881596,0,8.88030888,65.83011583,NA,1.484768,-0.9490012,,,,,,
238,239,SFU-AYU-036,SFU-AYU-036,SFU-AYU-036,Siganus_fuscescens,Ayungon,AYU,NA,NA,NA,,10.9,109,28.99,15.54,83.1,186,46303,1025,,138,1023,4097.610619,65.95881596,0,8.88030888,65.83011583,NA,1.484768,-0.9490012,,,,,,
239,240,SFU-AYU-037,SFU-AYU-037,SFU-AYU-037,Siganus_fuscescens,Ayungon,AYU,F,NA,NA,,12.5,125,45.7,15.54,83.1,186,46303,1025,,138,1023,4097.610619,65.95881596,0,8.88030888,65.83011583,2.816,1.484768,-0.9490012,20.93044178,3.041204644,2.183422618,1.256771163,15.2,3.006578947
240,241,SFU-AYU-038,SFU-AYU-038,SFU-AYU-038,Siganus_fuscescens,Ayungon,AYU,F,NA,NA,,12.4,124,41.5,15.54,83.1,186,46303,1025,,138,1023,4097.610619,65.95881596,0,8.88030888,65.83011583,2.816,1.484768,-0.9490012,20.89378865,3.039451921,1.98623623,1.225778043,14.9,2.785234899
241,242,SFU-AYU-039,SFU-AYU-039,SFU-AYU-039,Siganus_fuscescens,Ayungon,AYU,M,NA,NA,,10.7,107,27.74,15.54,83.1,186,46303,1025,,138,1023,4097.610619,65.95881596,0,8.88030888,65.83011583,2.728,1.484768,-0.9490012,18.02797045,2.891924466,1.538720072,1.149018743,13.1,2.117557252
242,243,SFU-AYU-040,SFU-AYU-040,SFU-AYU-040,Siganus_fuscescens,Ayungon,AYU,M,NA,NA,,11,110,31.48,15.54,83.1,186,46303,1025,,138,1023,4097.610619,65.95881596,0,8.88030888,65.83011583,2.728,1.484768,-0.9490012,18.51624744,2.918648587,1.7001285,1.181832043,13.5,2.331851852
243,244,SFU-AYU-041,SFU-AYU-041,SFU-AYU-041,Siganus_fuscescens,Ayungon,AYU,M,NA,NA,,11.4,114,32.3,15.54,83.1,186,46303,1025,,138,1023,4097.610619,65.95881596,0,8.88030888,65.83011583,2.728,1.484768,-0.9490012,18.94745026,2.941669371,1.70471486,1.181324884,13.5,2.392592593
244,245,SFU-AYU-042,SFU-AYU-042,SFU-AYU-042,Siganus_fuscescens,Ayungon,AYU,NA,NA,NA,,11.4,114,34.73,15.54,83.1,186,46303,1025,,138,1023,4097.610619,65.95881596,0,8.88030888,65.83011583,NA,1.484768,-0.9490012,,,,,,
245,246,SFU-AYU-043,SFU-AYU-043,SFU-AYU-043,Siganus_fuscescens,Ayungon,AYU,NA,NA,NA,,12.6,126,42.09,15.54,83.1,186,46303,1025,,138,1023,4097.610619,65.95881596,0,8.88030888,65.83011583,NA,1.484768,-0.9490012,,,,,,
246,247,SFU-AYU-044,SFU-AYU-044,SFU-AYU-044,Siganus_fuscescens,Ayungon,AYU,F,NA,NA,,11.6,116,34.88,15.54,83.1,186,46303,1025,,138,1023,4097.610619,65.95881596,0,8.88030888,65.83011583,2.816,1.484768,-0.9490012,19.74349848,2.982824246,1.766657517,1.190788765,14.4,2.422222222
247,248,SFU-AYU-045,SFU-AYU-045,SFU-AYU-045,Siganus_fuscescens,Ayungon,AYU,F,NA,NA,,11.2,112,31.2,15.54,83.1,186,46303,1025,,138,1023,4097.610619,65.95881596,0,8.88030888,65.83011583,2.816,1.484768,-0.9490012,18.60965738,2.92368066,1.676548868,1.176742092,13.2,2.363636364
248,249,SFU-AYU-046,SFU-AYU-046,SFU-AYU-046,Siganus_fuscescens,Ayungon,AYU,NA,NA,NA,,10.3,103,26.8,15.54,83.1,186,46303,1025,,138,1023,4097.610619,65.95881596,0,8.88030888,65.83011583,NA,1.484768,-0.9490012,,,,,,
249,250,SFU-AYU-047,SFU-AYU-047,SFU-AYU-047,Siganus_fuscescens,Ayungon,AYU,NA,NA,NA,,10.4,104,25.06,15.54,83.1,186,46303,1025,,138,1023,4097.610619,65.95881596,0,8.88030888,65.83011583,NA,1.484768,-0.9490012,,,,,,
250,251,SFU-AYU-048,SFU-AYU-048,SFU-AYU-048,Siganus_fuscescens,Ayungon,AYU,M,NA,NA,,14.3,143,62.68,15.54,83.1,186,46303,1025,,138,1023,4097.610619,65.95881596,0,8.88030888,65.83011583,2.728,1.484768,-0.9490012,24.30020952,3.190484973,2.579401628,1.2969948,17.3,3.623121387
251,252,SFU-AYU-049,SFU-AYU-049,SFU-AYU-049,Siganus_fuscescens,Ayungon,AYU,F,NA,NA,,14.9,149,78.42,15.54,83.1,186,46303,1025,,138,1023,4097.610619,65.95881596,0,8.88030888,65.83011583,2.816,1.484768,-0.9490012,25.59772662,3.242503544,3.063553305,1.345281181,18,4.356666667
252,253,SFU-AYU-050,SFU-AYU-050,SFU-AYU-050,Siganus_fuscescens,Ayungon,AYU,M,NA,NA,,13.7,137,54.87,15.54,83.1,186,46303,1025,,138,1023,4097.610619,65.95881596,0,8.88030888,65.83011583,2.728,1.484768,-0.9490012,22.93908243,3.132842112,2.391987568,1.278381293,16.8,3.266071429
253,254,SFU-AYU-051,SFU-AYU-051,SFU-AYU-051,Siganus_fuscescens,Ayungon,AYU,NA,NA,NA,,10.5,105,26.29,15.54,83.1,186,46303,1025,,138,1023,4097.610619,65.95881596,0,8.88030888,65.83011583,NA,1.484768,-0.9490012,,,,,,
254,255,SFU-AYU-052,SFU-AYU-052,SFU-AYU-052,Siganus_fuscescens,Ayungon,AYU,M,NA,NA,,9.7,97,22.49,15.54,83.1,186,46303,1025,,138,1023,4097.610619,65.95881596,0,8.88030888,65.83011583,2.728,1.484768,-0.9490012,16.7423879,2.817943701,1.343297034,1.104731356,11.8,1.905932203
255,256,SFU-AYU-053,SFU-AYU-053,SFU-AYU-053,Siganus_fuscescens,Ayungon,AYU,F,NA,NA,,13.1,131,53.31,15.54,83.1,186,46303,1025,,138,1023,4097.610619,65.95881596,0,8.88030888,65.83011583,2.816,1.484768,-0.9490012,22.18372038,3.099358704,2.403113594,1.282886013,15.7,3.395541401
256,257,SFU-AYU-054,SFU-AYU-054,SFU-AYU-054,Siganus_fuscescens,Ayungon,AYU,NA,NA,NA,,10.7,107,26.29,15.54,83.1,186,46303,1025,,138,1023,4097.610619,65.95881596,0,8.88030888,65.83011583,NA,1.484768,-0.9490012,,,,,,
257,258,SFU-AYU-055,SFU-AYU-055,SFU-AYU-055,Siganus_fuscescens,Ayungon,AYU,F,NA,NA,,15.8,158,96.31,15.54,83.1,186,46303,1025,,138,1023,4097.610619,65.95881596,0,8.88030888,65.83011583,2.816,1.484768,-0.9490012,27.24311714,3.304800907,3.535204855,1.382102064,19.1,5.042408377
258,259,SFU-AYU-056,SFU-AYU-056,SFU-AYU-056,Siganus_fuscescens,Ayungon,AYU,NA,NA,NA,,11.6,116,35.51,15.54,83.1,186,46303,1025,,138,1023,4097.610619,65.95881596,0,8.88030888,65.83011583,NA,1.484768,-0.9490012,,,,,,
259,260,SFU-AYU-057,SFU-AYU-057,SFU-AYU-057,Siganus_fuscescens,Ayungon,AYU,F,NA,NA,,13.6,136,59.6,15.54,83.1,186,46303,1025,,138,1023,4097.610619,65.95881596,0,8.88030888,65.83011583,2.816,1.484768,-0.9490012,22.99484587,3.135270098,2.59188517,1.303765049,16.1,3.701863354
260,261,SFU-AYU-058,SFU-AYU-058,SFU-AYU-058,Siganus_fuscescens,Ayungon,AYU,F,NA,NA,,12.5,125,50.73,15.54,83.1,186,46303,1025,,138,1023,4097.610619,65.95881596,0,8.88030888,65.83011583,2.816,1.484768,-0.9490012,21.36016298,3.061527644,2.374981879,1.282535357,15.5,3.272903226
261,262,SFU-AYU-059,SFU-AYU-059,SFU-AYU-059,Siganus_fuscescens,Ayungon,AYU,M,NA,NA,,13,130,51.22,15.54,83.1,186,46303,1025,,138,1023,4097.610619,65.95881596,0,8.88030888,65.83011583,2.728,1.484768,-0.9490012,22.01309349,3.091637435,2.326797005,1.273153843,16,3.20125
262,263,SFU-AYU-060,SFU-AYU-060,SFU-AYU-060,Siganus_fuscescens,Ayungon,AYU,NA,NA,NA,,11.3,113,34.64,15.54,83.1,186,46303,1025,,138,1023,4097.610619,65.95881596,0,8.88030888,65.83011583,NA,1.484768,-0.9490012,,,,,,
